PlayerName,Position,Age,Season,LeftClub,JoinedClub,MarketValue,Fee,Loan_Index,Injury_Index,Minutes_Played,Nineties_Played,Starts,Role_In_Prev_Club_Index,Goals,Assists,PKs,PKsM,Prev_Comp,Key_Passes,CrsPA,Progressive_Passes,Performance_Index,Nationality,Missing_Stats?,club_left_rank,club_joined_rank,Delta_Club_Rank,Transfer_Success
rachid alioui,Centre-Forward,27,19/20,nîmes,angers,4000000,0.0,0.0,0.0,1252,13.9,11.0,32.85992759676971,5,0,0,0,Ligue 1,20,3,22,18.76866205258676,MAR,0,5,4,-1,0
jason remeseiro,Right Winger,19,19/20,levante,valencia,5000000,0.0,0.388,0.1555649122807017,2330,25.9,26.0,68.46978557504872,2,0,0,0,Serie A,5,1,29,6.664706200230004,ESP,0,4,3,-1,0
sergio leon,Centre-Forward,30,19/20,real betis,levante,3000000,4000000.0,0.0,0.0,638,7.1,6.0,17.286271233639656,0,1,0,0,Liga,6,1,3,3.3283534257246843,ESP,0,3,4,1,0
jacob bruun larsen,Left Winger,20,19/20,dortmund,hoffenheim,12000000,9000000.0,0.142,0.472060187871253,1265,14.1,16.0,39.703425229741015,2,2,0,0,Bundesliga,18,1,39,14.284533184144642,DEN,0,1,3,2,0
pedro neto,Right Winger,19,19/20,lazio,wolves,2500000,17900000.0,0.0,0.0,46,0.5,0.0,0.6613756613756614,0,0,0,0,Serie A,1,0,1,0.4021156948713247,POR,0,2,4,2,1
rafael leao,Left Winger,20,19/20,lille,ac milan,15000000,49500000.0,0.0,0.0,1287,14.3,16.0,39.96797549429129,8,3,0,0,Ligue 1,13,1,17,16.439277526169473,POR,0,2,1,-1,1
wissam ben yedder,Centre-Forward,28,19/20,sevilla fc,monaco,40000000,40000000.0,0.0,0.0,2812,31.2,31.0,82.0593149540518,18,9,2,0,Liga,44,3,100,66.23911207069642,FRA,0,2,2,0,1
adam szalai,Centre-Forward,31,19/20,hoffenheim,mainz,3000000,0.0,0.0,0.0,1627,18.1,15.0,43.67864104706211,6,3,0,0,Bundesliga,27,0,30,24.51235300104618,HUN,0,3,3,0,0
alex alegria,Centre-Forward,26,19/20,real betis,rcd mallorca,800000,0.0,0.0,0.0,140,1.6,0.0,2.1164021164021167,0,0,0,0,Liga,3,0,5,1.6778197415554836,ESP,0,3,4,1,0
alberto cerri,Centre-Forward,23,19/20,juventus,cagliari,6000000,9000000.0,0.4991,0.2820086687306501,670,7.4,7.0,18.998886104149264,0,0,0,0,Serie A,9,0,10,4.191130641419605,ITA,0,1,4,3,0
ademola lookman,Centre-Forward,21,19/20,everton,leipzig,20000000,18000000.0,0.0,0.0,618,6.9,3.0,13.07435254803676,0,2,0,0,Premier League,10,4,24,10.013286881290504,NGA,0,3,1,-2,0
lys mousset,Centre-Forward,23,19/20,bournemouth,sheffield utd,3500000,11100000.0,0.0,0.0,368,4.1,1.0,6.739069896964633,1,0,0,0,Premier League,4,0,12,4.769714486345086,FRA,0,4,5,1,0
m'baye niang,Centre-Forward,24,19/20,torino,rennes jugend,12000000,15000000.0,0.0,0.0,1793,19.9,19.0,51.32275132275132,11,4,2,0,Ligue 1,11,3,44,32.61877376204786,SEN,0,3,2,-1,1
fabio borini,Centre-Forward,28,19/20,ac milan,hellas verona,5000000,0.0,0.0,0.0,1054,11.7,10.0,28.634085213032577,2,2,0,0,Serie A,13,0,26,12.691602352463669,ITA,0,1,4,3,0
paco alcacer,Centre-Forward,25,19/20,barcelona,dortmund,37000000,21000000.0,0.1023,0.4833666285278414,1211,13.5,11.0,32.330827067669176,18,0,1,0,Bundesliga,15,0,17,36.45585113312295,ESP,0,1,1,0,1
paco alcacer,Centre-Forward,25,19/20,dortmund,villarreal,42000000,25000000.0,0.0,0.0,1211,13.5,11.0,32.330827067669176,18,0,1,0,Bundesliga,15,0,17,36.45585113312295,ESP,0,1,2,1,0
patrick cutrone,Centre-Forward,21,19/20,ac milan,wolves,28000000,18000000.0,0.0,0.0,1457,16.2,12.0,37.21804511278196,3,2,0,0,Serie A,21,1,13,14.804257751498492,ITA,0,1,4,3,0
riccardo orsolini,Right Winger,22,19/20,juventus,bologna,15000000,15000000.0,0.3494,0.3827526315789473,1964,21.8,19.0,53.83597883597884,8,5,0,0,Serie A,20,11,68,31.21195105482792,ITA,0,1,3,2,1
andrea petagna,Centre-Forward,24,19/20,atalanta,spal,20000000,12000000.0,0.3817,0.1031035087719298,3031,33.7,35.0,90.62935115566697,16,1,6,0,Serie A,28,7,68,49.19533668352997,ITA,0,2,5,3,1
andrea petagna,Centre-Forward,24,19/20,spal,napoli,18000000,16600000.0,0.0,0.0,3031,33.7,35.0,90.62935115566697,16,1,6,0,Serie A,28,7,68,49.19533668352997,ITA,0,5,1,-4,0
allan saint-maximin,Left Winger,22,19/20,nice,newcastle,25000000,18000000.0,0.0,0.0,2900,32.2,34.0,87.32943469785575,6,3,1,1,Ligue 1,57,12,93,40.91261915171471,FRA,0,3,3,0,1
andrea adorante,Centre-Forward,35,19/20,inter,parma,125000,4000000.0,0.0,0.0,3119,34.65555555555556,17.820580474934037,69.28881415565364,7,10,1,1,Serie A,78,31,201,87.79559045722371,ITA,0,1,4,3,0
andrea favilli,Centre-Forward,22,19/20,juventus,genoa,6000000,12000000.0,0.2386,0.8988785714285714,170,1.9,0.0,2.513227513227513,0,2,0,0,Serie A,3,0,3,2.7636449908837726,ITA,0,1,4,3,0
luka jovic,Centre-Forward,21,19/20,frankfurt,real madrid,60000000,63000000.0,0.0,0.0,2243,24.92222222222222,17.820580474934037,56.414034614207424,17,5,1,0,Bundesliga,26,4,64,51.12234389858455,SRB,0,3,1,-2,0
dong-won ji,Centre-Forward,27,19/20,augsburg,mainz,1750000,0.0,0.0,0.0,1815,20.166666666666668,17.820580474934037,50.12361721267892,1,6,0,0,Serie A,31,1,53,23.90509495947384,KOR,0,3,3,0,0
duvan zapata,Centre-Forward,28,19/20,sampdoria,atalanta,45000000,12000000.0,0.1989,0.0822924134660976,2896,32.2,32.0,84.69785575048734,23,7,1,1,Serie A,64,3,68,73.16608188805286,COL,0,3,2,-1,1
eddie salcedo,Centre-Forward,30,19/20,genoa,inter milan,2000000,10000000.0,0.2971,0.0,680,7.555555555555555,17.820580474934037,33.44225330909279,1,0,0,0,Serie A,8,3,15,7.710886700908743,ITA,0,4,1,-3,0
eden hazard,Left Winger,28,19/20,chelsea,real madrid,150000000,120800000.0,0.0,0.0,2923,32.5,32.0,85.09468114731274,16,15,4,0,Premier League,97,9,249,92.68023098774746,BEL,0,1,1,0,0
franck ribery,Left Winger,36,19/20,bayern munich,fiorentina,4000000,0.0,0.0,0.0,1174,13.0,10.0,30.3536619326093,6,3,0,0,Bundesliga,21,3,91,26.271985193835217,FRA,0,1,3,2,1
franco ferrari,Centre-Forward,28,19/20,genoa,napoli,250000,750000.0,0.5001,0.0,1571,17.455555555555556,17.820580474934037,46.537491404330886,2,7,0,0,Ligue 1,22,6,41,23.925526990772426,ITA,0,4,1,-3,0
dodi lukebakio,Right Winger,21,19/20,watford,hertha bsc,18000000,20000000.0,0.3283,0.0753368421052631,1972,21.9,22.0,57.915622389306606,10,3,4,2,Bundesliga,20,7,41,25.315391897087185,ARG,0,5,3,-2,0
vincenzo grifo,Left Winger,26,19/20,hoffenheim,freiburg,9000000,7000000.0,0.3646,0.2279509033778476,1762,19.6,19.0,50.92592592592593,7,5,2,0,Bundesliga,45,6,90,37.970143498702825,ITA,0,3,3,0,1
vittorio parigini,Left Winger,25,19/20,torino,genoa,1500000,0.0,0.4009,0.5101285475985045,1471,16.344444444444445,17.820580474934037,45.06776771238497,4,3,0,0,Liga,17,7,23,17.764289895344636,ITA,0,3,4,1,0
antonino ragusa,Left Winger,25,19/20,sassuolo,hellas verona,1000000,1000000.0,0.3722,0.6584160000000001,2430,27.0,17.820580474934037,59.16241791814629,9,0,2,0,Premier League,18,5,59,20.984609244290315,ITA,0,3,4,1,0
andy carroll,Centre-Forward,30,19/20,west ham,newcastle,8000000,0.0,0.0,0.0,461,5.1,3.0,10.693400167084375,0,0,0,0,Premier League,4,0,9,2.630179660922507,ENG,0,3,3,0,0
andy delort,Centre-Forward,27,19/20,toulouse,montpellier,12500000,4500000.0,0.0,0.0,3115,34.6,36.0,93.13561681982736,14,7,3,0,Ligue 1,57,18,102,68.84613207316117,ALG,0,4,3,-1,1
krzysztof piatek,Centre-Forward,23,19/20,ac milan,hertha bsc,32000000,24000000.0,0.0,0.0,462,5.133333333333334,17.820580474934037,30.238255660650697,0,0,0,0,Serie A,6,0,1,1.839448033266644,POL,0,1,3,2,0
antoine griezmann,Centre-Forward,28,19/20,atlético,barcelona,130000000,120000000.0,0.0,0.0,3198,35.5,37.0,95.64188248398776,15,8,3,0,Liga,73,5,136,75.6476922683452,FRA,0,1,1,0,0
pablo sarabia,Right Winger,27,19/20,sevilla fc,paris sg,40000000,18000000.0,0.0,0.0,2724,30.3,30.0,79.55304928989139,12,13,1,0,Liga,68,14,191,74.14376506720086,ESP,0,2,1,-1,0
denis bouanga,Left Winger,24,19/20,nîmes,saint-étienne,6000000,4500000.0,0.0,0.0,2633,29.3,29.0,76.91450849345587,8,2,0,0,Ligue 1,31,12,47,28.44347513629308,GAB,0,5,3,-2,1
denis cheryshev,Left Winger,27,19/20,villarreal,valencia,6000000,6000000.0,0.2614,0.8411070276973956,926,10.28888888888889,17.820580474934037,37.05777359127974,1,2,0,0,Liga,6,3,33,10.215186156335328,RUS,0,2,3,1,1
antonio di gaudio,Left Winger,29,19/20,parma,hellas verona,1400000,400000.0,0.0,0.0,699,7.8,9.0,22.159565580618214,0,1,0,0,Serie A,4,0,8,3.4133378504585,ITA,0,4,4,0,0
florian niederlechner,Centre-Forward,28,19/20,freiburg,augsburg,3500000,2500000.0,0.0,0.0,970,10.8,12.0,30.07518796992481,4,1,0,0,Bundesliga,10,0,18,13.065282470595504,GER,0,3,3,0,0
darwin machis,Left Winger,26,19/20,udinese,granada,3000000,5000000.0,0.3994,0.1455473684210526,463,5.1,4.0,12.009189640768588,0,1,0,0,Serie A,11,2,17,7.32225938316517,VEN,0,3,4,1,0
anwar el ghazi,Right Winger,20,19/20,lille,aston villa,7500000,9000000.0,0.0,0.0,2051,22.788888888888888,17.820580474934037,53.59216512567127,4,4,1,0,Premier League,30,14,47,28.62605983977096,NED,0,2,3,1,1
juanmi,Left Winger,26,19/20,real sociedad,real betis,8000000,8000000.0,0.0,0.0,1523,16.9,16.0,43.40712893344472,5,2,0,0,Liga,10,1,21,12.303169097485398,ESP,0,3,3,0,0
nolito,Left Winger,32,19/20,sevilla fc,celta vigo,1600000,0.0,0.0,0.0,76,0.8,1.0,2.3739905318852688,0,0,0,0,Liga,0,0,2,0.2213503984289064,ESP,0,2,3,1,1
ayoze perez,Centre-Forward,26,19/20,newcastle,leicester,20000000,33400000.0,0.0,0.0,2917,32.4,34.0,87.59398496240601,12,2,0,0,Premier League,45,3,82,48.700751781735896,ESP,0,3,3,0,0
danny ings,Centre-Forward,27,19/20,liverpool,southampton,15000000,25100000.0,0.3125,0.49064,1651,18.3,23.0,54.469507101086045,7,3,3,0,Premier League,28,1,56,31.2456919800196,ENG,0,1,4,3,1
danny welbeck,Centre-Forward,28,19/20,arsenal,watford,12000000,0.0,0.0,0.0,153,1.7,1.0,3.564466722361459,1,1,0,0,Premier League,5,0,10,5.422658447129407,ENG,0,1,5,4,0
gelson martins,Right Winger,24,19/20,atlético,monaco,28000000,30000000.0,0.0,0.0,1618,18.0,17.0,46.177944862155385,4,2,0,0,Liga,18,9,58,21.43994935957048,POR,0,1,2,1,1
nicolas pepe,Right Winger,24,19/20,lille,arsenal,65000000,80000000.0,0.0,0.0,3324,36.9,37.0,97.4937343358396,22,11,9,1,Ligue 1,70,4,116,67.14556276649367,CIV,0,2,1,-1,0
romelu lukaku,Centre-Forward,26,19/20,man utd,inter,75000000,74000000.0,0.0,0.0,2136,23.7,22.0,60.296574770258985,12,0,0,0,Premier League,21,3,55,36.0454914831068,BEL,0,1,1,0,1
rony lopes,Right Winger,23,19/20,monaco,sevilla fc,25000000,25000000.0,0.0,0.0,1849,20.5,22.0,56.06377053745475,2,2,0,0,Ligue 1,47,9,66,29.215583017698115,POR,0,2,2,0,1
stefano okaka,Centre-Forward,29,19/20,watford,udinese,5000000,4000000.0,0.3239,0.2990245614035088,994,11.0,11.0,29.02394876079087,6,1,0,0,Premier League,19,0,27,20.35622274631468,ITA,0,5,3,-2,0
matheus cunha,Centre-Forward,20,19/20,leipzig,hertha bsc,13000000,18000000.0,0.0,0.0,853,9.5,9.0,24.408242829295464,2,0,0,0,Bundesliga,7,0,30,10.271726219816845,BRA,0,1,3,2,1
sebastien haller,Centre-Forward,25,19/20,frankfurt,west ham,40000000,50000000.0,0.0,0.0,2182,24.2,23.0,62.27373990531886,15,9,3,0,Bundesliga,38,1,57,51.54049967604127,CIV,0,3,3,0,0
joselu,Centre-Forward,29,19/20,newcastle,alavés,4000000,2240000.0,0.0,0.0,596,6.6,5.0,15.309106098579782,2,0,0,0,Premier League,1,0,8,4.894498136913443,ESP,0,3,4,1,1
matteo politano,Right Winger,25,19/20,sassuolo,inter,30000000,21100000.0,0.1136,0.1103473684210526,2549,28.3,31.0,78.22333611807296,5,6,0,0,Serie A,64,20,150,56.05798572477814,ITA,0,3,1,-2,0
christopher nkunku,Centre-Forward,21,19/20,paris sg,leipzig,12000000,19500000.0,0.0,0.0,1156,12.8,13.0,34.03648008911166,3,2,0,0,Ligue 1,17,2,61,22.21721955743583,FRA,0,1,1,0,1
borja iglesias,Centre-Forward,26,19/20,espanyol,real betis,28000000,28000000.0,0.0,0.0,3075,34.2,35.0,91.2907268170426,17,3,3,0,Liga,42,1,31,47.27438455730371,ESP,0,3,3,0,1
mattia sprocati,Right Winger,26,19/20,lazio,parma,1500000,3000000.0,0.3959,0.2147087719298245,644,7.2,5.0,16.102756892230577,1,0,0,0,Serie A,11,1,26,7.300552421709244,ITA,0,2,4,2,0
simone zaza,Centre-Forward,28,19/20,valencia,torino,10000000,12000000.0,0.2614,0.1538701754385964,1437,16.0,11.0,35.63770537454748,4,3,0,0,Serie A,15,0,16,15.54359298377152,ITA,0,3,3,0,0
breel embolo,Centre-Forward,22,19/20,fc schalke 04,mönchengladbach,14000000,11000000.0,0.0,0.0,1345,14.9,15.0,39.44583681425787,5,1,0,0,Bundesliga,19,0,23,18.04822220424273,SUI,0,3,3,0,1
benjamin goller,Right Winger,21,19/20,fc schalke 04,werder bremen,400000,0.0,0.0,0.0,288,3.2,17.820580474934037,27.680936436664805,0,0,0,0,Bundesliga,2,0,4,1.025581788171556,GER,0,3,3,0,0
maxi gomez,Centre-Forward,22,19/20,celta vigo,valencia,40000000,14500000.0,0.0,0.0,2960,32.9,33.0,86.93957115009746,13,5,1,0,Liga,31,3,64,45.53768284268861,URU,0,3,3,0,0
bernard tekpetey,Right Winger,22,19/20,sc paderborn,fc schalke 04,2500000,2500000.0,0.0,0.0,448,4.977777777777778,17.820580474934037,30.03249434377827,0,1,0,0,Bundesliga,5,3,18,6.120672243527641,GHA,0,5,3,-2,0
ignacio pussetto,Centre-Forward,23,19/20,udinese,watford,8000000,8500000.0,0.0,0.0,2178,24.2,24.0,63.58952937900306,4,4,0,0,Serie A,22,4,45,24.85233894868672,ARG,0,3,5,2,0
nicola sansone,Left Winger,27,19/20,villarreal,bologna,7500000,8000000.0,0.3874,0.3759473684210526,1176,13.1,13.0,34.43330548593706,3,5,0,0,Liga,20,2,38,20.060413588497973,ITA,0,2,3,1,0
henry onyekuru,Left Winger,23,19/20,everton,monaco,13000000,13500000.0,0.4003,0.4819754385964912,160,1.7777777777777777,17.820580474934037,25.79969011097404,0,1,0,0,Ligue 1,1,0,3,1.98564036741562,NGA,0,3,2,-1,1
irvin cardona,Centre-Forward,23,19/20,monaco,brest,1500000,1500000.0,0.0,0.0,1450,16.11111111111111,17.820580474934037,44.75912573707632,6,3,0,0,Ligue 1,19,1,53,26.599683679671102,MLT,0,2,4,2,0
santi mina,Centre-Forward,23,19/20,valencia,celta vigo,30000000,0.0,0.0,0.0,1852,20.6,23.0,57.51183514341409,7,5,0,0,Liga,16,3,34,26.50142949881752,ESP,0,3,3,0,1
sada thioub,Right Winger,24,19/20,nîmes,angers,5500000,3500000.0,0.0,0.0,2476,27.5,27.0,71.90197716513507,3,5,0,0,Ligue 1,37,15,89,36.3322854307621,SEN,0,5,4,-1,0
moise kean,Centre-Forward,19,19/20,juventus,everton,40000000,27500000.0,0.1932,0.1924280701754386,541,6.0,5.0,14.51545530492899,6,0,0,0,Serie A,5,0,4,11.871174183292032,ITA,0,1,3,2,1
chang-hoon kwon,Right Winger,25,19/20,dijon,freiburg,5500000,2000000.0,0.0,0.0,938,10.4,10.0,26.914508493455862,2,0,0,0,Ligue 1,13,3,37,10.754393029379091,KOR,0,5,3,-2,0
chicharito,Centre-Forward,31,19/20,west ham,sevilla fc,12000000,7750000.0,0.0,0.0,1334,14.8,14.0,37.99777220829853,7,1,0,0,Premier League,5,0,31,18.765264549613,MEX,0,3,2,-1,0
fernando llorente,Centre-Forward,34,19/20,tottenham,napoli,3500000,0.0,0.0,0.0,694,7.7,6.0,18.079922027290447,1,4,0,0,Premier League,14,0,10,10.063266945995858,ESP,0,2,1,-1,0
wesley said,Centre-Forward,24,19/20,dijon,toulouse,6000000,8000000.0,0.0,0.0,2253,25.0,25.0,65.96351991088834,4,1,0,1,Ligue 1,26,1,78,28.06977393171619,FRA,0,5,4,-1,1
alexander isak,Centre-Forward,25,19/20,dortmund,real sociedad,8000000,15000000.0,0.3084,0.5568473684210526,1507,16.744444444444444,17.820580474934037,45.5968682414855,9,1,0,0,Liga,14,1,36,25.82293757658048,SWE,0,1,3,2,1
lucas perez,Centre-Forward,30,19/20,west ham,alavés,4000000,2300000.0,0.0,0.0,475,5.3,4.0,12.273739905318852,3,0,0,0,Premier League,8,0,7,8.309649465125364,ESP,0,3,4,1,0
luis muriel,Centre-Forward,28,19/20,sevilla fc,atalanta,13000000,21200000.0,0.0,0.0,1564,17.4,17.0,45.3842940685046,7,1,0,0,Liga,22,3,37,25.832295600128848,COL,0,2,2,0,1
alex iwobi,Left Winger,23,19/20,arsenal,everton,25000000,30400000.0,0.0,0.0,1970,21.9,22.0,57.915622389306606,3,6,0,0,Premier League,40,8,141,41.26922710537495,NGA,0,1,3,2,1
lucas ocampos,Left Winger,25,19/20,marseille,sevilla fc,15000000,15000000.0,0.0,0.0,2708,30.1,31.0,80.60428849902534,4,8,0,0,Ligue 1,31,13,54,34.704543191301305,ARG,0,1,2,1,1
lois diony,Centre-Forward,27,20/21,saint-étienne,angers,2400000,0.0,0.0,0.0,666,7.4,8.0,20.31467557783348,2,0,0,0,Ligue 1,5,0,9,6.176952064640995,FRA,0,3,4,1,0
yann karamoh,Left Winger,22,20/21,inter,parma,7500000,8000000.0,0.409,0.5049166232412715,573,6.4,5.0,15.044555834029518,1,1,0,0,Serie A,11,0,15,7.0089188693764015,FRA,0,1,4,3,0
leroy sane,Right Winger,24,20/21,man city,bayern munich,80000000,49000000.0,0.0,0.0,12,0.1,0.0,0.1322751322751323,0,0,0,0,Premier League,0,0,1,0.1106751992144532,GER,0,1,1,0,1
ermedin demirovic,Centre-Forward,26,20/21,alavés,freiburg,3000000,3700000.0,0.0,0.0,2873,31.92222222222222,17.820580474934037,65.67329387346669,15,9,3,1,Bundesliga,33,1,60,50.65341156214164,GER,0,4,3,-1,0
enes unal,Centre-Forward,23,20/21,villarreal,getafe,8000000,9000000.0,0.3074,0.1532402767482085,2344,26.0,23.0,64.65469228627123,6,2,2,1,Liga,26,2,65,30.299968925382625,TUR,0,2,3,1,0
eric-maxim choupo-moting,Centre-Forward,31,20/21,paris sg,bayern munich,4000000,0.0,0.0,0.0,451,5.011111111111111,17.820580474934037,30.076586054536648,3,1,0,0,Ligue 1,6,0,14,9.643293717445374,CMR,0,1,1,0,1
carles perez,Right Winger,22,20/21,barcelona,roma,9000000,13000000.0,0.0511,0.3265150097465886,1042,11.6,10.0,28.50181008075745,2,5,0,0,Liga,17,1,37,17.85826511240503,ESP,0,1,1,0,0
carlos fernandez,Centre-Forward,24,20/21,sevilla fc,real sociedad,9000000,10000000.0,0.0,0.0,2201,24.5,21.0,60.03898635477582,10,3,1,0,Liga,20,1,57,34.08859430093601,ESP,0,2,3,1,0
cedric teuchert,Centre-Forward,24,20/21,fc schalke 04,union berlin,1200000,0.0,0.0,0.0,754,8.377777777777778,17.820580474934037,34.52984884113277,3,1,0,0,Bundesliga,8,1,17,11.14628059077836,GER,0,3,5,2,0
callum robinson,Centre-Forward,25,20/21,sheffield utd,west brom,5500000,5916666.667,0.2898,0.3963614035087719,676,7.5,9.0,21.76274018379282,1,1,0,0,Premier League,4,1,10,5.58475701220565,IRL,0,5,4,-1,0
moses simon,Left Winger,25,20/21,levante,nantes,6500000,5000000.0,0.2273,0.1543421052631579,2177,24.2,25.0,64.90531885268726,5,5,0,0,Ligue 1,36,6,58,30.24403035329121,NGA,0,4,3,-1,1
jean-kevin augustin,Centre-Forward,23,20/21,leipzig,leeds united,9500000,21000000.0,0.0,0.0,266,3.0,2.0,6.599832915622389,0,0,0,0,Ligue 1,0,0,0,0.0,FRA,0,1,5,4,0
islam slimani,Centre-Forward,32,20/21,leicester,lyon,5000000,0.0,0.0,0.0,1285,14.3,14.0,37.33639654692287,9,7,1,0,Ligue 1,32,4,57,39.96372147748751,ALG,0,3,1,-2,0
christian kouame,Centre-Forward,22,20/21,genoa,fiorentina,17500000,15500000.0,0.1847,0.66,1216,13.5,13.0,34.962406015037594,6,3,0,0,Serie A,19,2,33,23.670964964529503,CIV,0,4,3,-1,1
mauro icardi,Centre-Forward,27,20/21,inter,paris sg,60000000,50000000.0,0.0,0.0,1267,14.1,14.0,37.0718462823726,12,2,0,0,Ligue 1,11,0,18,27.12825926847433,ARG,0,1,1,0,1
bertrand traore,Right Winger,24,20/21,lyon,aston villa,9500000,18400000.0,0.0,0.0,1253,13.9,14.0,36.80729601782233,1,3,0,0,Ligue 1,26,6,52,20.81814103393049,BFA,0,1,3,2,1
dani gomez,Centre-Forward,23,20/21,real madrid,levante,900000,2000000.0,0.3283,0.0,1666,18.51111111111112,17.820580474934037,47.93372891167952,2,2,0,0,Liga,11,1,33,13.754463881315951,ESP,0,1,4,3,0
ignatius ganago,Centre-Forward,21,20/21,nice,lens,3600000,6000000.0,0.0,0.0,1239,13.8,12.0,34.04344193817878,3,1,0,0,Ligue 1,13,2,33,15.674812938861788,CMR,0,3,5,2,0
helder costa,Right Winger,25,20/21,wolves,leeds united,8000000,17700000.0,0.3636,0.0,1341,14.9,17.820580474934037,43.15712691285528,1,2,0,0,Premier League,17,1,37,12.990971135240237,ANG,0,4,5,1,1
jean-kevin augustin,Centre-Forward,23,20/21,leeds united,nantes,6000000,0.0,0.0,0.0,266,3.0,2.0,6.599832915622389,0,0,0,0,Ligue 1,0,0,0,0.0,FRA,0,5,3,-2,0
matteo stoppa,Centre-Forward,19,20/21,juventus,sampdoria,100000,1000000.0,0.0,0.0,1559,17.322222222222223,17.820580474934037,46.36112456129737,7,2,1,0,Serie A,20,2,37,25.54608421805748,,1,1,3,2,0
mattia destro,Centre-Forward,29,20/21,bologna,genoa,1800000,0.0,0.3722,0.3397972643473089,335,3.7,3.0,8.841548315232526,0,0,0,0,Serie A,3,0,5,1.6778197415554836,ITA,0,3,4,1,0
daniel caligiuri,Right Winger,32,20/21,fc schalke 04,augsburg,4000000,0.0,0.0,0.0,2293,25.5,26.0,67.9406850459482,2,2,1,0,Bundesliga,40,2,105,28.437167871838973,ITA,0,3,3,0,1
gianluca lapadula,Centre-Forward,30,20/21,genoa,benevento,5000000,4000000.0,0.4489,0.4052917992656059,1784,19.8,20.0,52.5062656641604,11,0,2,0,Serie A,22,0,22,27.808695357435315,PER,0,4,5,1,0
grady diangana,Right Winger,23,20/21,west ham,west brom,4500000,13500000.0,0.2386,0.1704421052631579,1235,13.72222222222222,17.820580474934037,41.59921979939261,1,0,0,0,Premier League,5,1,32,6.215960643054735,COD,0,3,4,1,0
gregoire defrel,Centre-Forward,29,20/21,roma,sassuolo,8000000,11000000.0,0.3374,0.4618895438596491,980,10.9,9.0,26.26009468114731,3,3,1,0,Serie A,10,1,25,14.473757112139436,MTQ,0,1,3,2,0
suso,Right Winger,26,20/21,ac milan,sevilla fc,17500000,21700000.0,0.0,0.0,2144,23.8,23.0,61.74463937621832,2,3,0,0,Serie A,59,19,155,48.28894232067476,ESP,0,1,2,1,0
jorge molina,Centre-Forward,38,20/21,getafe,granada,1600000,0.0,0.0,0.0,1886,21.0,23.0,58.04093567251463,5,3,2,0,Liga,24,4,59,28.69061242147794,ESP,0,3,4,1,1
jorge de frutos,Right Winger,28,20/21,real madrid,levante,2000000,6000000.0,0.3444,0.0,2495,27.72222222222222,17.820580474934037,60.11773831791114,6,3,0,0,Liga,31,13,44,28.34846213821709,ESP,0,1,4,3,1
jose callejon,Right Winger,33,20/21,napoli,fiorentina,7500000,0.0,0.0,0.0,2172,24.1,25.0,64.77304372041215,4,7,0,0,Serie A,63,17,96,49.06234568556982,ESP,0,1,3,2,0
jota peleteiro,Right Winger,29,20/21,aston villa,alavés,3500000,0.0,0.0,0.0,335,3.7,4.0,10.157337788916736,0,1,0,0,Premier League,4,0,14,4.077389045745219,ESP,0,3,4,1,0
giovanni simeone,Centre-Forward,25,20/21,fiorentina,cagliari,15000000,13000000.0,0.2898,0.0,2924,32.5,34.0,87.72626009468114,12,3,0,0,Serie A,18,2,19,30.83877393151561,ARG,0,3,4,1,1
nikola kalinic,Centre-Forward,32,20/21,atlético,hellas verona,5500000,1800000.0,0.0,0.0,571,6.344444444444444,17.820580474934037,31.840254484871743,5,1,0,0,Serie A,7,0,13,13.02160040451449,CRO,0,1,4,3,0
rodrigo,Centre-Forward,29,20/21,valencia,leeds united,40000000,30000000.0,0.0,0.0,1880,20.9,23.0,57.90866054023949,4,7,0,0,Liga,27,7,77,35.091649022792176,ESP,0,3,5,2,1
kai havertz,Centre-Forward,21,20/21,leverkusen,chelsea,81000000,100000000.0,0.0,0.0,2454,27.3,29.0,74.26900584795322,12,6,1,0,Bundesliga,59,3,139,65.04776973477765,GER,0,1,1,0,1
karl toko ekambi,Centre-Forward,27,20/21,villarreal,lyon,14000000,11500000.0,0.3249,0.1748421052631579,1531,17.0,16.0,43.53940406571986,8,3,0,0,Liga,19,3,25,26.03211020012928,CMR,0,2,1,-1,1
robert snodgrass,Right Winger,32,20/21,west ham,west brom,4000000,110000.0,0.3097,0.3028959857270294,1509,16.8,17.0,44.59064327485381,5,5,0,0,Premier League,33,2,57,27.513511126749165,SCO,0,3,4,1,0
oliver burke,Centre-Forward,23,20/21,west brom,sheffield utd,4800000,6500000.0,0.3454,0.0870736842105263,1429,15.9,14.0,39.45279866332498,1,2,0,0,Liga,6,0,16,7.423328141108683,SCO,0,4,5,1,0
georginio rutter,Centre-Forward,23,20/21,rennes jugend,hoffenheim,1500000,750000.0,0.0,0.0,285,3.1666666666666665,17.820580474934037,27.63684472590643,1,0,0,0,Bundesliga,2,1,6,3.642521698755568,FRA,0,2,3,1,0
antonio sanabria,Centre-Forward,24,20/21,real betis,torino,6500000,6500000.0,0.0,0.0,1387,15.4,16.0,41.42300194931774,6,2,0,0,Serie A,15,0,27,19.95361287655001,PAR,0,3,3,0,1
anthony knockaert,Right Winger,27,20/21,brighton,fulham,6500000,11700000.0,0.0,0.0,1837,20.41111111111111,17.820580474934037,50.44695642490702,2,6,0,0,Premier League,35,7,58,29.408831302383096,FRA,0,3,4,1,1
demarai gray,Left Winger,24,20/21,leicester,leverkusen,12000000,2000000.0,0.0,0.0,622,6.9,3.0,13.07435254803676,2,3,0,1,Premier League,16,5,21,14.817195421443111,JAM,0,3,1,-2,1
timo werner,Left Winger,24,20/21,leipzig,chelsea,64000000,53000000.0,0.0,0.0,2795,31.1,33.0,84.55861876914508,28,8,3,0,Bundesliga,53,10,102,63.85800946842559,GER,0,1,1,0,0
andrea pinamonti,Centre-Forward,21,20/21,genoa,inter,13500000,21000000.0,0.0,0.0,2236,24.8,23.0,63.067390698969646,5,1,1,1,Serie A,15,1,37,19.73334964410151,ITA,0,4,1,-3,0
andrea pinamonti,Centre-Forward,21,20/21,inter,genoa,13500000,19500000.0,0.2891,0.2891631578947369,2236,24.8,23.0,63.067390698969646,5,1,1,1,Serie A,15,1,37,19.73334964410151,ITA,0,1,4,3,0
andre silva,Centre-Forward,24,20/21,ac milan,frankfurt,24000000,3000000.0,0.0,0.0,1635,18.2,17.0,46.44249512670565,12,3,1,0,Bundesliga,31,1,39,37.3879543326613,POR,0,1,3,2,1
ante rebic,Left Winger,26,20/21,frankfurt,ac milan,32000000,6700000.0,0.0,0.0,1485,16.5,17.820580474934037,45.2735290292574,11,3,0,0,Serie A,35,5,34,28.82028282207922,CRO,0,3,1,-2,0
vedad ibisevic,Centre-Forward,35,20/21,hertha bsc,fc schalke 04,1200000,0.0,0.0,0.0,1257,13.966666666666669,17.820580474934037,41.92255901162072,7,2,1,0,Bundesliga,12,0,23,20.078396527118368,BIH,0,3,3,0,0
victor osimhen,Centre-Forward,21,20/21,lille,napoli,40000000,78900000.0,0.0,0.0,2287,25.4,25.0,66.49262043998885,13,4,2,1,Ligue 1,21,2,11,32.67205537341728,NGA,0,2,1,-1,1
roberto inglese,Centre-Forward,28,20/21,napoli,parma,12000000,21800000.0,0.5796,0.746230860821194,766,8.5,8.0,21.76970203285993,4,0,0,1,Serie A,6,0,5,9.049861601762007,ITA,0,1,4,3,1
diogo jota,Left Winger,23,20/21,wolves,liverpool,28000000,44700000.0,0.0,0.0,2284,25.4,27.0,69.12419938735728,7,1,0,0,Premier League,29,4,68,24.550782818834865,POR,0,4,1,-3,1
willian,Left Winger,31,20/21,chelsea,arsenal,22500000,0.0,0.0,0.0,2600,28.9,29.0,76.38540796435534,9,7,4,0,Premier League,75,13,173,63.23995520670134,BRA,0,1,1,0,0
amad diallo,Right Winger,18,20/21,atalanta,man utd,15000000,21300000.0,0.0,0.0,27,0.3,0.0,0.3968253968253968,1,0,0,0,Serie A,1,0,3,1.40423724811886,CIV,0,2,1,-1,1
amine gouiri,Centre-Forward,20,20/21,lyon,nice,4000000,7000000.0,0.0,0.0,1,0.0,0.0,0.0,0,0,0,0,Ligue 1,0,0,0,0.0,ALG,0,1,3,2,1
patrik schick,Centre-Forward,24,20/21,roma,leverkusen,25000000,26500000.0,0.0682,0.1440842105263157,1298,14.4,15.0,38.78446115288221,10,2,0,0,Serie A,20,0,20,26.70338882575004,CZE,0,1,1,0,1
papu gomez,Left Winger,32,20/21,atalanta,sevilla fc,15000000,6400000.0,0.0,0.0,2842,31.6,34.0,86.53578390420495,7,16,0,0,Serie A,101,18,276,95.09688294571616,ARG,0,2,2,0,1
felice d'amico,Centre-Forward,20,20/21,inter,sampdoria,250000,400000.0,0.0,0.0,1559,17.322222222222223,17.820580474934037,46.36112456129737,7,2,1,0,Serie A,20,2,37,25.54608421805748,,1,1,3,2,0
fernando llorente,Centre-Forward,35,20/21,napoli,udinese,1000000,500.0,0.0,0.0,501,5.6,3.0,11.354775828460038,3,1,0,0,Serie A,10,0,7,9.578021911977968,ESP,0,1,3,2,0
ferran torres,Centre-Forward,20,20/21,valencia,man city,45000000,33500000.0,0.0,0.0,2251,25.0,26.0,67.27930938457254,4,5,0,0,Liga,25,8,76,33.38402813582248,ESP,0,3,1,-2,1
raphinha,Left Winger,23,20/21,rennes jugend,leeds united,16000000,18600000.0,0.0,0.0,1690,18.8,20.0,51.18351434140909,5,3,1,0,Ligue 1,42,4,69,29.612990700182166,BRA,0,2,5,3,1
edinson cavani,Centre-Forward,33,20/21,paris sg,man utd,20000000,0.0,0.0,0.0,605,6.7,7.0,18.072960178223337,4,1,1,0,Ligue 1,10,1,13,12.663549505194446,URU,0,1,1,0,1
vagner dias,Left Winger,25,20/21,saint-étienne,fc mtz,1600000,3000000.0,0.0,0.0,1651,18.344444444444445,17.820580474934037,47.713270357887616,4,3,0,0,Ligue 1,27,6,58,24.11594618932997,,1,3,5,2,0
luis suarez,Centre-Forward,33,20/21,barcelona,atlético,28000000,9000000.0,0.0,0.0,1998,22.2,22.0,58.312447786132005,16,8,1,0,Liga,26,1,43,46.76277434387652,URU,0,1,1,0,1
leonardo candellone,Centre-Forward,23,20/21,torino,napoli,500000,500000.0,0.4724,0.0,1559,17.322222222222223,17.820580474934037,46.36112456129737,7,2,1,0,Serie A,20,2,37,25.54608421805748,,1,3,1,-2,0
pedro,Right Winger,33,20/21,chelsea,roma,9500000,0.0,0.0,0.0,661,7.3,8.0,20.18240044555834,1,1,0,0,Premier League,17,1,41,12.07149765798266,ESP,0,1,1,0,1
alexander srloth,Centre-Forward,28,20/21,crystal palace,leipzig,20000000,20000000.0,0.0,0.0,2489,27.655555555555555,17.820580474934037,60.02955489639438,23,6,0,0,Liga,34,1,40,58.50156066177904,NOR,0,3,1,-2,0
alexis sanchez,Centre-Forward,31,20/21,man utd,inter,16000000,0.0,0.0,0.0,923,10.3,10.0,26.78223336118073,4,8,1,0,Serie A,33,3,62,33.18464145959927,CHI,0,1,1,0,1
alex berenguer,Left Winger,30,20/21,torino,bilbao athletic,6000000,11130000.0,0.0,0.0,2339,25.988888888888887,17.820580474934037,57.8249693584755,6,7,0,1,Liga,46,11,78,41.05896217264464,ESP,0,3,3,0,1
alberto soro,Right Winger,23,20/21,real madrid,granada,2700000,2500000.0,0.3283,0.0,393,4.366666666666666,17.820580474934037,29.224146313208017,1,2,0,0,Liga,6,1,15,7.350271300296677,ESP,0,1,4,3,0
alvaro morata,Centre-Forward,27,20/21,chelsea,atlético,36000000,35000000.0,0.0,0.0,2098,23.3,25.0,63.71484266221108,12,2,2,1,Liga,25,1,27,32.98400507493809,ESP,0,1,1,0,0
alvaro vadillo,Left Winger,25,20/21,granada,celta vigo,2400000,0.0,0.0,0.0,1218,13.5,15.0,37.59398496240601,3,1,1,0,Liga,20,6,33,15.803863036321134,ESP,0,4,3,-1,0
alvaro vadillo,Left Winger,25,21/22,celta vigo,espanyol,700000,1800000.0,0.25,0.1224774169466218,1218,13.533333333333331,17.820580474934037,41.34936677176181,3,1,1,0,Liga,20,6,33,15.803863036321134,ESP,0,3,3,0,0
angel rodriguez,Centre-Forward,34,21/22,getafe,rcd mallorca,3000000,0.0,0.0,0.0,1374,15.3,12.0,36.02756892230576,5,0,1,1,Liga,6,1,15,12.809252061575958,ESP,0,3,4,1,0
pierre-emerick aubameyang,Centre-Forward,32,21/22,arsenal,barcelona,15000000,0.0,0.0,0.0,2332,25.9,26.0,68.46978557504872,10,3,2,0,Premier League,22,4,66,37.48356670985679,GAB,0,1,1,0,1
erik lamela,Right Winger,29,21/22,tottenham,sevilla fc,16000000,0.0,0.0,0.0,717,8.0,5.0,17.160957950431634,1,0,0,0,Premier League,8,0,36,7.096602291793916,ARG,0,2,2,0,1
wout weghorst,Centre-Forward,28,21/22,wolfsburg,burnley,20000000,17500000.0,0.0,0.0,2941,32.7,33.0,86.6750208855472,20,8,2,1,Bundesliga,43,0,59,60.288630791400784,NED,0,3,4,1,1
leon bailey,Right Winger,23,21/22,leverkusen,aston villa,35000000,32000000.0,0.0,0.0,2141,23.8,25.0,64.37621832358674,9,8,0,0,Bundesliga,48,16,63,45.868106089759074,JAM,0,1,3,2,1
amath ndiaye,Right Winger,24,21/22,getafe,rcd mallorca,4000000,3000000.0,0.0,0.0,1594,17.711111111111112,17.820580474934037,46.87552785347845,5,4,0,0,Liga,29,7,70,28.606255635240416,,1,3,4,1,0
lukas nmecha,Centre-Forward,23,21/22,man city,wolfsburg,12000000,8000000.0,0.0,0.0,1627,18.07777777777778,17.820580474934037,47.3605366718206,8,0,0,0,Bundesliga,14,3,25,22.50548991234101,GER,0,1,3,2,0
pedro,Right Winger,34,21/22,roma,lazio,5000000,0.0,0.0,0.0,1591,17.7,20.0,49.728487886382624,5,2,0,0,Serie A,29,2,65,23.14662791549114,ESP,0,1,2,1,1
rafa mir,Centre-Forward,24,21/22,wolves,sevilla fc,12000000,16000000.0,0.0,0.0,2877,32.0,32.0,84.43330548593705,13,1,2,1,Liga,9,0,39,31.03180454673296,ESP,0,4,2,-2,0
eldor shomurodov,Centre-Forward,26,21/22,genoa,roma,7000000,19600000.0,0.0,0.0,1677,18.6,16.0,45.65580618212197,8,1,0,0,Serie A,20,2,32,25.626514968971595,UZB,0,4,1,-3,0
kevin lasagna,Centre-Forward,28,21/22,udinese,hellas verona,6000000,6500000.0,0.4312,0.2474210526315788,2370,26.3,26.0,68.99888610414926,4,1,0,0,Serie A,22,2,42,21.331615539106497,ITA,0,3,4,1,0
valere germain,Centre-Forward,31,21/22,marseille,montpellier,3000000,0.0,0.0,0.0,857,9.5,6.0,20.46087440824283,3,0,0,0,Ligue 1,2,0,17,8.323324315001784,FRA,0,1,3,2,0
edoardo vergani,Centre-Forward,20,21/22,inter,salernitana,600000,0.0,0.0,0.0,12,0.1,0.0,0.1322751322751323,0,0,0,0,Serie A,0,0,0,0.0,ITA,0,1,5,4,0
edin dzeko,Centre-Forward,35,21/22,roma,inter,4000000,2800000.0,0.0,0.0,1824,20.266666666666666,17.820580474934037,50.25589234495405,7,3,0,1,Serie A,29,0,53,30.57819626499524,BIH,0,1,1,0,1
ferran torres,Centre-Forward,21,21/22,man city,barcelona,45000000,55000000.0,0.0,0.0,1306,14.5,15.0,38.91673628515734,7,2,0,0,Premier League,19,1,31,23.81619724754593,ESP,0,1,1,0,1
felipe caicedo,Centre-Forward,32,21/22,lazio,genoa,4000000,2000000.0,0.0,0.0,929,10.3,9.0,25.46644388749652,8,0,1,0,Serie A,12,0,18,19.447448936718967,ECU,0,2,4,2,0
felipe anderson,Right Winger,28,21/22,west ham,lazio,10000000,3000000.0,0.4221,0.1695207017543859,3,0.0,0.0,0.0,0,0,0,0,Premier League,0,0,1,0.1106751992144532,BRA,0,3,2,-1,0
andy delort,Centre-Forward,29,21/22,montpellier,nice,16000000,10000000.0,0.0,0.0,2482,27.6,30.0,75.98162071846282,15,9,0,1,Ligue 1,54,24,69,68.15174033059958,ALG,0,3,3,0,0
andre silva,Centre-Forward,25,21/22,frankfurt,leipzig,45000000,23000000.0,0.0,0.0,2760,30.7,32.0,82.71372876636033,28,7,7,0,Bundesliga,31,2,67,71.53730618953503,POR,0,3,1,-2,0
andros townsend,Right Winger,30,21/22,crystal palace,everton,7000000,0.0,0.0,0.0,2258,25.1,25.0,66.09579504316346,1,5,0,0,Premier League,40,22,75,37.150276264717824,ENG,0,3,3,0,1
andreas voglsammer,Centre-Forward,29,21/22,arm. bielefeld,union berlin,1700000,0.0,0.0,0.0,1000,11.1,11.0,29.156223893066,2,2,0,0,Bundesliga,11,3,23,12.950997950513834,GER,0,5,5,0,0
dusan vlahovic,Centre-Forward,21,21/22,fiorentina,juventus,70000000,83500000.0,0.0,0.0,2923,32.477777777777774,17.820580474934037,66.40815571943965,21,3,6,0,Serie A,18,0,31,46.68641037488671,SRB,0,3,1,-2,1
keita balde,Left Winger,26,21/22,monaco,cagliari,8000000,0.0,0.2039,0.242119298245614,1197,13.3,12.0,33.38206627680312,7,1,0,0,Serie A,21,0,26,15.825377946215877,SEN,0,2,4,2,1
antonio candreva,Right Winger,35,21/22,inter,sampdoria,2500000,2500000.0,0.3807,0.1096736842105262,3119,34.65555555555556,17.820580474934037,69.28881415565364,7,10,1,1,Serie A,78,31,201,77.59301421599197,ITA,0,1,3,2,1
kang-in lee,Right Winger,20,21/22,valencia,rcd mallorca,10000000,0.0,0.0,0.0,1262,14.0,15.0,38.25536062378168,0,4,0,0,Liga,22,2,80,21.58716520824748,KOR,0,3,4,1,1
jurgen locadia,Centre-Forward,25,21/22,brighton,vfl bochum,3000000,0.0,0.0,0.0,1236,13.733333333333333,17.820580474934037,41.61391703631207,2,0,0,0,Premier League,13,2,15,10.296914022385156,CUW,0,3,5,2,0
roberto soldado,Centre-Forward,36,21/22,granada,levante,1200000,500000.0,0.0,0.0,1438,16.0,16.0,42.21665274296853,9,0,2,0,Liga,9,0,19,20.41456117053417,ESP,0,4,4,0,0
franck ribery,Left Winger,38,21/22,fiorentina,salernitana,3000000,0.0,0.0,0.0,2149,23.9,28.0,68.4558618769145,2,6,0,0,Serie A,35,2,109,32.87136328687399,FRA,0,3,5,2,1
demarai gray,Left Winger,25,21/22,leverkusen,everton,8000000,2000000.0,0.0,0.0,461,5.1,5.0,13.324979114452798,1,2,0,0,Bundesliga,9,1,12,7.892567189623933,JAM,0,1,3,2,1
gaetan laborde,Centre-Forward,27,21/22,montpellier,rennes jugend,15000000,15000000.0,0.0,0.0,3256,36.2,38.0,97.88359788359789,16,8,0,0,Ligue 1,37,6,70,56.57779436310343,FRA,0,3,2,-1,1
theo walcott,Right Winger,32,21/22,everton,southampton,5000000,0.0,0.4148,0.5505188070175439,1631,18.1,20.0,50.25758841548316,3,3,0,0,Premier League,17,2,37,16.351068354082127,ENG,0,3,4,1,0
tammy abraham,Centre-Forward,23,21/22,chelsea,roma,38000000,41000000.0,0.3166,0.4065873577072452,1040,11.6,12.0,31.13338902812587,6,1,0,0,Premier League,9,0,11,14.875800752229315,ENG,0,1,1,0,0
stevan jovetic,Centre-Forward,31,21/22,monaco,hertha bsc,5000000,0.0,0.0,0.0,802,8.911111111111111,17.820580474934037,35.235316213266806,6,0,0,1,Ligue 1,11,2,50,22.17277070147188,MNE,0,2,3,1,1
matheus cunha,Centre-Forward,22,21/22,hertha bsc,atlético,30000000,35000000.0,0.0,0.0,2149,23.9,25.0,64.50849345586187,7,4,2,1,Bundesliga,49,2,85,43.13160983017107,BRA,0,3,1,-2,0
olivier giroud,Centre-Forward,34,21/22,chelsea,ac milan,4000000,4800000.0,0.0,0.0,748,8.3,8.0,21.505151768309663,4,0,0,0,Premier League,6,0,5,9.049861601762007,FRA,0,1,1,0,1
ognjen stijepovic,Centre-Forward,21,21/22,sampdoria,spezia,100000,0.0,0.3918,0.3421020191989407,1559,17.322222222222223,17.820580474934037,46.36112456129737,7,2,1,0,Serie A,20,2,37,25.54608421805748,,0,3,5,2,0
danny ings,Centre-Forward,29,21/22,southampton,aston villa,22000000,29400000.0,0.0,0.0,2173,24.1,26.0,66.08883319409635,12,4,2,0,Premier League,22,2,52,38.2235091333365,ENG,0,4,3,-1,0
joshua king,Centre-Forward,29,21/22,everton,watford,8000000,0.0,0.0,0.0,148,1.6,0.0,2.1164021164021167,0,0,0,0,Premier League,0,0,5,0.8423285832468467,NOR,0,3,5,2,0
taiwo awoniyi,Centre-Forward,23,21/22,liverpool,union berlin,5000000,8550000.0,0.7113,0.6259052631578949,1359,15.1,16.0,41.026176552492345,5,2,0,0,Bundesliga,20,0,16,17.858837581780204,NGA,0,1,5,4,1
max kruse,Centre-Forward,33,21/22,union berlin,wolfsburg,3500000,5000000.0,0.0,0.0,1629,18.1,19.0,48.94179894179894,11,5,5,1,Bundesliga,38,5,74,46.78473526331177,GER,0,5,3,-2,1
jonathan ikone,Right Winger,23,21/22,lille,fiorentina,22000000,15400000.0,0.0,0.0,2177,24.2,26.0,66.22110832637148,4,5,1,0,Serie A,24,0,73,25.00781742827145,FRA,0,2,3,1,1
matteo politano,Right Winger,27,21/22,inter,napoli,30000000,22100000.0,0.1136,0.0388912280701754,1908,21.2,22.0,56.98969646338068,9,4,0,0,Serie A,34,7,78,34.07194432651491,ITA,0,1,1,0,1
daniel james,Right Winger,23,21/22,man utd,leeds united,18000000,29100000.0,0.0,0.0,910,10.1,11.0,27.83347257031468,3,1,0,0,Premier League,10,2,32,11.033260340180984,WAL,0,1,5,4,1
dani raba,Centre-Forward,25,21/22,villarreal,granada,900000,0.0,0.3454,0.0,150,1.7,1.0,3.564466722361459,0,0,0,0,Liga,2,1,10,2.6822468898785736,ESP,0,2,4,2,0
romelu lukaku,Centre-Forward,28,21/22,inter,chelsea,100000000,113000000.0,0.0,0.0,2884,32.0,32.0,84.43330548593705,24,11,6,0,Serie A,52,2,82,76.22169271079221,BEL,0,1,1,0,0
nicolas de preville,Centre-Forward,30,21/22,g. bordeaux,fc mtz,3000000,0.0,0.0,0.0,1611,17.9,15.0,43.41409078251184,1,2,0,0,Ligue 1,32,4,74,26.19764555016345,FRA,0,3,5,2,0
billal brahimi,Right Winger,21,21/22,angers,nice,1200000,7000000.0,0.0,0.0,800,8.88888888888889,17.820580474934037,35.205921739427886,3,2,0,0,Ligue 1,17,12,16,17.028521247355673,ALG,0,4,3,-1,0
maxwel cornet,Left Winger,24,21/22,lyon,burnley,12000000,15000000.0,0.0,0.0,2446,27.2,29.0,74.13673071567808,2,5,0,0,Ligue 1,25,12,128,35.06141919215695,CIV,0,1,4,3,1
cristiano ronaldo,Centre-Forward,36,21/22,juventus,man utd,45000000,17000000.0,0.0,0.0,2802,31.1,31.0,81.92703982177667,29,2,6,2,Serie A,36,7,117,81.63330134398707,POR,0,1,1,0,1
ruben rochina,Right Winger,31,21/22,levante,granada,2800000,0.0,0.0,0.0,743,8.255555555555556,17.820580474934037,34.368179235018715,1,3,0,0,Liga,13,4,46,15.492602124925952,ESP,0,4,4,0,0
hannes wolf,Right Winger,22,21/22,leipzig,mönchengladbach,8000000,9500000.0,0.0,0.0,1378,15.3,14.0,38.659147869674186,3,2,0,0,Bundesliga,16,1,56,16.363901734295233,AUT,0,1,3,2,1
jean-philippe mateta,Centre-Forward,24,21/22,mainz,crystal palace,5000000,11000000.0,0.0,0.0,1218,13.5,14.0,36.278195488721806,8,1,1,0,Bundesliga,13,0,13,19.59499574755518,FRA,0,3,3,0,1
bryan gil,Left Winger,20,21/22,sevilla fc,tottenham,30000000,25000000.0,0.0,0.0,2278,25.3,26.0,67.67613478139793,4,3,0,0,Liga,49,18,79,38.0883838983556,ESP,0,2,2,0,0
memphis depay,Centre-Forward,27,21/22,lyon,barcelona,45000000,0.0,0.0,0.0,2923,32.5,33.0,86.41047062099693,20,12,8,0,Ligue 1,94,15,131,96.0759597143431,NED,0,1,1,0,1
sergio aguero,Centre-Forward,33,21/22,man city,barcelona,18000000,0.0,0.0,0.0,559,6.2,7.0,17.411584516847675,4,1,1,1,Premier League,7,1,12,11.659592630236435,ARG,0,1,1,0,0
jason remeseiro,Right Winger,27,21/22,valencia,alavés,2500000,0.0,0.2273,0.0,1183,13.144444444444444,17.820580474934037,40.834963479580736,1,4,0,0,Liga,30,9,28,21.999014414794228,ESP,0,3,4,1,0
nico gonzalez,Left Winger,23,21/22,stuttgart,fiorentina,22000000,27370000.0,0.0,0.0,934,10.4,10.0,26.914508493455862,6,2,3,1,Bundesliga,12,0,27,13.894491803815244,ARG,0,3,3,0,1
jadon sancho,Left Winger,21,21/22,dortmund,man utd,100000000,85000000.0,0.0,0.0,2062,22.9,24.0,61.86995265942634,8,11,1,0,Bundesliga,67,3,178,61.7659268282691,ENG,0,1,1,0,0
carlos bacca,Centre-Forward,34,21/22,villarreal,granada,1800000,0.0,0.0,0.0,786,8.7,9.0,23.3500417710944,5,0,0,0,Liga,5,0,14,11.921693674311255,COL,0,2,4,2,0
ishak belfodil,Centre-Forward,29,21/22,hoffenheim,hertha bsc,2800000,500000.0,0.0,0.0,596,6.6,7.0,17.9406850459482,0,1,0,0,Bundesliga,7,0,8,4.008583443895288,ALG,0,3,3,0,0
isaac success,Centre-Forward,27,21/22,watford,udinese,1800000,1800000.0,0.3369,0.3342240963855422,911,10.122222222222222,17.820580474934037,36.83731503748785,2,6,0,0,Serie A,16,0,22,15.69874400942888,NGA,0,5,3,-2,0
myziane maolida,Left Winger,22,21/22,nice,hertha bsc,7000000,4000000.0,0.0,0.0,1077,12.0,11.0,30.34670008354219,3,1,0,0,Ligue 1,15,5,20,12.47150233315964,COM,0,3,3,0,1
musa barrow,Left Winger,22,21/22,atalanta,bologna,20000000,14340000.0,0.2936,0.0,2921,32.5,34.0,87.72626009468114,8,8,0,1,Serie A,60,12,103,51.266106311044055,GAM,0,2,3,1,1
chris wood,Centre-Forward,29,21/22,burnley,newcastle,6000000,30000000.0,0.0,0.0,2741,30.5,32.0,82.44917850181008,12,3,2,0,Premier League,21,0,20,30.96153957078204,NZL,0,4,3,-1,0
jack harrison,Left Winger,24,21/22,man city,leeds united,15000000,12800000.0,0.0,0.0,2847,31.6,34.0,86.53578390420495,8,8,0,0,Premier League,59,12,98,50.421289819314914,ENG,0,1,5,4,1
jack grealish,Left Winger,25,21/22,aston villa,man city,65000000,117500000.0,0.0,0.0,2185,24.3,24.0,63.7218045112782,6,10,0,0,Premier League,81,3,189,64.13980437507165,ENG,0,3,1,-2,0
lionel messi,Right Winger,34,21/22,barcelona,paris sg,80000000,0.0,0.0,0.0,3023,33.6,33.0,87.86549707602339,30,9,3,2,Liga,77,11,335,100.0,ARG,0,1,1,0,1
aleix vidal,Right Winger,33,21/22,sevilla fc,espanyol,2000000,0.0,0.0,0.0,1025,11.38888888888889,17.820580474934037,38.5128000463062,0,3,0,0,Liga,15,4,23,12.749182379488644,ESP,0,2,3,1,0
lucas alario,Centre-Forward,29,22/23,leverkusen,frankfurt,8000000,6000000.0,0.0,0.0,655,7.3,5.0,16.235032024505706,6,0,0,1,Bundesliga,7,0,10,13.438962588727344,ARG,0,1,3,2,0
alexander isak,Centre-Forward,22,22/23,real sociedad,newcastle,30000000,77500000.0,0.0,0.0,2140,23.8,26.0,65.69200779727096,6,2,2,0,Liga,20,1,43,24.48214522463344,SWE,0,3,3,0,1
leandro trossard,Left Winger,27,22/23,brighton,arsenal,30000000,24000000.0,0.0,0.0,2805,31.2,32.0,83.37510442773602,8,3,1,0,Premier League,47,3,154,42.38351794106169,BEL,0,3,1,-2,1
pierre-emerick aubameyang,Centre-Forward,33,22/23,barcelona,chelsea,15000000,12000000.0,0.0,0.0,2119,23.5,25.0,63.97939292676135,15,2,0,2,Liga,17,0,42,37.744831811099885,GAB,0,1,1,0,0
pietro pellegri,Centre-Forward,21,22/23,monaco,torino,4500000,4200000.0,0.1329,0.5878487593984962,347,3.9,2.0,7.790309106098581,1,0,0,0,Serie A,4,0,1,2.916591603202024,ITA,0,2,3,1,0
angel di maria,Right Winger,34,22/23,paris sg,juventus,12000000,0.0,0.0,0.0,1645,18.3,19.0,49.20634920634921,5,7,0,0,Ligue 1,54,14,112,47.68181366164012,ARG,0,1,1,0,0
adam ounas,Right Winger,25,22/23,napoli,lille,7000000,2500000.0,0.3818,0.6518583735643064,326,3.6,1.0,6.0776942355889725,0,0,0,0,Serie A,12,1,31,7.3645977586197535,ALG,0,1,2,1,0
ademola lookman,Centre-Forward,24,22/23,leipzig,atalanta,10000000,10850000.0,0.0,0.0,1453,16.1,16.0,42.34892787524367,6,0,0,0,Premier League,23,1,54,25.74800258345812,NGA,0,1,2,1,1
adnan januzaj,Right Winger,27,22/23,real sociedad,sevilla fc,12000000,0.0,0.0,0.0,1625,18.1,17.0,46.310219994430526,3,0,2,0,Liga,34,9,80,25.032731969748987,BEL,0,3,2,-1,0
yoann touzghar,Centre-Forward,35,22/23,troyes,ajaccio,600000,0.0,0.0,0.0,1457,16.2,16.0,42.4812030075188,4,0,0,0,Ligue 1,21,0,15,14.911974559798884,TUN,0,5,5,0,0
ivan perisic,Left Winger,30,22/23,inter,tottenham,10000000,0.0,0.1989,0.2697415371903265,2701,30.01111111111112,17.820580474934037,63.145369123319725,8,3,2,0,Serie A,60,31,90,51.30768941737488,CRO,0,1,2,1,1
sebastian polter,Centre-Forward,31,22/23,vfl bochum,fc schalke 04,2200000,1500000.0,0.0,0.0,2341,26.0,27.0,69.91785018100808,10,1,1,1,Bundesliga,28,1,49,33.546088307270395,GER,0,5,3,-2,0
irvin cardona,Centre-Forward,24,22/23,brest,augsburg,2500000,500000.0,0.0,0.0,1334,14.8,13.0,36.68198273461432,4,2,0,0,Ligue 1,15,2,18,16.050337311448324,MLT,0,4,3,-1,0
samu castillejo,Right Winger,27,22/23,ac milan,valencia,4000000,0.0,0.0,0.0,125,1.4,1.0,3.1676413255360623,0,0,0,0,Serie A,2,3,5,2.445398892653746,ESP,0,1,3,2,0
sadio mane,Left Winger,30,22/23,liverpool,bayern munich,70000000,32000000.0,0.0,0.0,2819,31.3,32.0,83.50737956001115,16,2,0,0,Premier League,41,5,130,43.73542642058571,SEN,0,1,1,0,1
cengiz under,Right Winger,25,22/23,roma,marseille,22000000,11400000.0,0.2845,0.31384,2200,24.4,25.0,65.16986911723754,10,2,1,0,Ligue 1,34,9,73,32.44775220720899,TUR,0,1,1,0,1
sasa kalajdzic,Centre-Forward,25,22/23,stuttgart,wolves,25000000,18000000.0,0.0,0.0,1221,13.6,13.0,35.09468114731272,6,1,1,1,Bundesliga,21,0,26,20.744751135204403,AUT,0,3,4,1,1
milan djuric,Centre-Forward,32,22/23,salernitana,hellas verona,1500000,0.0,0.0,0.0,1559,17.322222222222223,17.820580474934037,46.36112456129737,7,2,1,0,Serie A,20,2,37,25.54608421805748,BiH,0,5,4,-1,0
mohamed bayo,Centre-Forward,24,22/23,clermont foot,lille,12000000,14000000.0,0.0,0.0,2413,26.8,27.0,70.97605123920914,14,5,2,1,Ligue 1,31,1,55,44.77443783262719,GUI,0,5,2,-3,1
mohamed-ali cho,Right Winger,18,22/23,angers,real sociedad,15000000,13000000.0,0.0,0.0,1837,20.41111111111111,17.820580474934037,50.44695642490702,4,1,0,0,Ligue 1,14,2,22,11.873041485482569,FRA,0,4,3,-1,1
neal maupay,Centre-Forward,25,22/23,brighton,everton,18000000,11800000.0,0.0,0.0,2276,25.3,25.0,66.36034530771373,8,2,1,1,Premier League,23,2,48,29.868835934983657,FRA,0,3,3,0,0
ignatius ganago,Centre-Forward,23,22/23,lens,nantes,5000000,4400000.0,0.0,0.0,1024,11.4,11.0,29.5530492898914,5,1,0,0,Ligue 1,11,0,14,14.304054332242044,CMR,0,5,3,-2,0
janis antiste,Centre-Forward,19,22/23,spezia,sassuolo,4000000,5680000.0,0.0,0.0,796,8.8,9.0,23.482316903369536,1,0,0,0,Serie A,6,3,7,5.806166862174698,FRA,0,5,3,-2,0
breel embolo,Centre-Forward,25,22/23,mönchengladbach,monaco,15000000,12500000.0,0.0,0.0,2166,24.1,24.0,63.457254246727935,9,3,0,0,Bundesliga,34,0,64,37.09207976293497,SUI,0,3,2,-1,1
memphis depay,Centre-Forward,28,22/23,barcelona,atlético,20000000,3000000.0,0.0,0.0,1851,20.6,20.0,53.56446672236146,12,2,4,1,La Liga,45,9,72,49.65966832231693,NED,0,1,1,0,0
michael gregoritsch,Centre-Forward,28,22/23,augsburg,freiburg,4500000,0.0,0.2273,0.1410666666666666,1392,15.5,15.0,40.23948760790866,9,0,1,0,Bundesliga,8,3,36,24.32176815434127,AUT,0,3,3,0,0
hee-chan hwang,Centre-Forward,26,22/23,leipzig,wolves,16000000,16700000.0,0.0,0.0,1865,20.7,20.0,53.6967418546366,5,1,0,0,Bundesliga,16,0,57,22.940565412012653,KOR,0,1,4,3,0
hugo duro,Centre-Forward,22,22/23,getafe,valencia,10000000,4000000.0,0.3021,0.0,1834,20.4,22.0,55.93149540517961,7,1,0,0,Liga,14,0,21,19.58708085804521,ESP,0,3,3,0,1
jens petter hauge,Left Winger,22,22/23,ac milan,frankfurt,8000000,8200000.0,0.0,0.0,1040,11.6,9.0,27.18602060707324,2,2,0,0,Bundesliga,12,2,35,12.529570048434843,NOR,0,1,3,2,1
joaquin correa,Centre-Forward,27,22/23,lazio,inter,23000000,27300000.0,0.1364,0.5343402400498152,1025,11.4,12.0,30.868838763575607,6,1,0,0,Serie A,19,0,38,22.209345629457747,ARG,0,2,1,-1,0
borja mayoral,Centre-Forward,25,22/23,real madrid,getafe,9000000,10000000.0,0.2402,0.0731210526315789,1140,12.7,12.0,32.588415483152325,6,1,1,0,Liga,13,2,26,19.397965948739618,ESP,0,1,3,2,1
nuno da costa,Centre-Forward,28,22/23,nott'm forest,aj auxerre,1200000,0.0,0.0,0.0,2003,22.25555555555556,17.820580474934037,52.88669775353725,5,4,0,0,Ligue 1,25,5,32,25.57250908387381,CPV,0,5,5,0,0
goncalo guedes,Left Winger,25,22/23,valencia,wolves,40000000,32600000.0,0.0,0.0,2606,29.0,30.0,77.83347257031468,11,6,1,1,Liga,43,15,120,49.12020309301579,POR,0,3,4,1,0
goncalo paciencia,Centre-Forward,27,22/23,frankfurt,celta vigo,3000000,790000.0,0.0,0.0,516,5.7,4.0,12.802840434419382,3,0,1,1,Bundesliga,6,0,18,9.605778242729336,POR,0,3,3,0,0
mattia zaccagni,Left Winger,27,22/23,hellas verona,lazio,18000000,7100000.0,0.1875,0.3133011441647597,1876,20.8,21.0,55.14480646059594,4,5,0,0,Serie A,27,0,55,23.88998532938191,ITA,0,4,2,-2,1
sofiane diop,Left Winger,22,22/23,monaco,nice,20000000,22000000.0,0.0,0.0,1948,21.6,24.0,60.15037593984962,6,4,0,0,Ligue 1,38,5,130,37.77774193365959,FRA,0,2,3,1,0
gianluca caprari,Centre-Forward,29,22/23,sampdoria,hellas verona,10000000,5000000.0,0.4742,0.1951859649122806,2739,30.4,33.0,83.63269284321916,12,7,2,0,Serie A,63,5,164,71.96597043909516,ITA,0,3,4,1,0
gianluca scamacca,Centre-Forward,23,22/23,sassuolo,west ham,30000000,38600000.0,0.4318,0.1248491228070175,2146,23.8,25.0,64.37621832358674,16,0,1,0,Serie A,25,0,36,39.17339492620748,ITA,0,3,3,0,0
danny ings,Centre-Forward,30,22/23,aston villa,west ham,16000000,12000000.0,0.0,0.0,1898,21.1,22.0,56.85742133110554,7,6,1,0,Premier League,15,0,39,26.45485251707097,ENG,0,3,3,0,0
taiwo awoniyi,Centre-Forward,24,22/23,union berlin,nott'm forest,20000000,20500000.0,0.0,0.0,2174,24.2,29.0,70.16847674742411,15,1,2,0,Bundesliga,27,3,51,42.65640230086352,NGA,0,5,5,0,1
takefusa kubo,Right Winger,21,22/23,real madrid,real sociedad,7500000,6500000.0,0.3693,0.2693842105263158,1605,17.8,17.0,45.91339459760512,1,0,0,0,Liga,32,5,68,19.814683737867565,JPN,0,1,3,2,1
joshua zirkzee,Centre-Forward,23,22/23,bayern munich,bologna,11000000,27500000.0,0.3988,0.166703320802005,822,9.133333333333333,17.820580474934037,35.52926095165599,2,2,0,0,Serie A,16,0,17,12.01090206092798,NED,0,1,3,2,1
josip brekalo,Left Winger,24,22/23,wolfsburg,fiorentina,7500000,1700000.0,0.1932,0.3550900928792569,21,0.2,0.0,0.2645502645502646,0,1,0,0,Bundesliga,1,0,1,1.7642899689867129,CRO,0,3,3,0,0
mathys tel,Centre-Forward,17,22/23,rennes jugend,bayern munich,2000000,20000000.0,0.0,0.0,56,0.6,0.0,0.7936507936507936,0,0,0,0,Ligue 1,1,0,2,0.6154284860682844,FRA,0,2,1,-1,0
georginio rutter,Centre-Forward,20,22/23,hoffenheim,leeds united,16000000,40500000.0,0.0,0.0,1611,17.9,13.0,40.78251183514341,8,2,0,0,Bundesliga,15,4,42,27.511256448622653,FRA,0,3,5,2,1
mathias pereira lage,Left Winger,28,22/23,angers,brest,2500000,0.0,0.0,0.0,1264,14.044444444444444,17.820580474934037,42.02543967005693,2,1,0,0,Ligue 1,14,2,30,11.196900769560932,POR,0,4,4,0,0
timo werner,Left Winger,26,22/23,chelsea,leipzig,35000000,20000000.0,0.0,0.0,1283,14.3,15.0,38.65218602060708,4,1,0,0,Premier League,8,1,18,9.245317079594278,GER,0,1,1,0,0
takumi minamino,Left Winger,27,22/23,liverpool,monaco,12000000,15000000.0,0.3011,0.0575473684210526,186,2.1,1.0,4.093567251461988,3,0,0,0,Premier League,2,0,5,3.4785704518418954,JPN,0,1,2,1,1
tairyk arconte,Centre-Forward,19,22/23,ajaccio,brest,400000,0.0,0.0,0.0,128,1.4222222222222225,17.820580474934037,25.329378529551345,0,0,0,0,Ligue 1,2,0,1,0.7254598221884608,FRA,0,5,4,-1,0
gabriel jesus,Centre-Forward,25,22/23,man city,arsenal,50000000,52200000.0,0.0,0.0,1877,20.9,21.0,55.277081592871056,8,8,1,0,Premier League,38,4,55,40.375013026645085,BRA,0,1,1,0,0
gaetan laborde,Centre-Forward,28,22/23,rennes jugend,nice,18000000,15000000.0,0.0,0.0,3070,34.1,36.0,92.47424115845168,15,8,2,0,Ligue 1,41,11,61,56.74443153809176,FRA,0,2,3,1,1
arkadiusz milik,Centre-Forward,28,22/23,napoli,marseille,16000000,9700000.0,0.3249,0.6026369094649455,1416,15.7,15.0,40.50403787245892,7,2,1,0,Ligue 1,15,0,25,21.250819118725747,POL,0,1,1,0,1
marlos moreno,Left Winger,25,22/23,man city,troyes,900000,1650000.0,0.0,0.0,1673,18.58888888888889,17.820580474934037,48.03660957011572,5,3,1,0,Premier League,34,5,82,29.15662495980433,,1,1,5,4,0
martin braithwaite,Centre-Forward,31,22/23,barcelona,espanyol,6000000,0.0,0.0,0.0,235,2.6,3.0,7.386521860206072,2,1,0,0,Liga,2,0,4,5.210510664399024,DEN,0,1,3,2,0
jeremie boga,Left Winger,25,22/23,sassuolo,atalanta,19000000,22000000.0,0.1761,0.4337698775239986,1434,15.9,15.0,40.7685881370092,0,2,0,0,Serie A,27,1,70,18.77688651106728,CIV,0,3,2,-1,1
robert lewandowski,Centre-Forward,33,22/23,bayern munich,barcelona,45000000,45000000.0,0.0,0.0,2946,32.7,34.0,87.99081035923142,35,3,5,0,Bundesliga,37,3,81,84.60085452015652,POL,0,1,1,0,1
florian niederlechner,Centre-Forward,31,22/23,augsburg,hertha bsc,2200000,800000.0,0.0,0.0,1165,12.9,13.0,34.1687552213868,5,3,0,0,Bundesliga,15,1,19,18.123723427039884,GER,0,3,3,0,0
francesco caputo,Centre-Forward,34,22/23,sassuolo,sampdoria,2500000,4000000.0,0.3949,0.1752369218500797,2946,32.7,33.0,86.6750208855472,11,4,0,1,Serie A,42,2,34,39.12692961356429,ITA,0,3,3,0,1
frank tsadjout,Centre-Forward,24,22/23,ac milan,cremonese,900000,400000.0,0.0,0.0,1051,11.677777777777775,17.820580474934037,38.89492820621213,3,1,0,0,Serie A,10,0,18,11.431144795121032,ITA,0,1,5,4,0
anthony gordon,Left Winger,21,22/23,everton,newcastle,40000000,45600000.0,0.0,0.0,2285,25.4,25.0,66.49262043998885,4,2,0,0,Premier League,35,8,51,25.18333075614687,ENG,0,3,3,0,1
kamaldeen sulemana,Left Winger,20,22/23,rennes jugend,southampton,18000000,25000000.0,0.0,0.0,1015,11.3,11.0,29.42077415761627,4,2,0,0,Ligue 1,21,6,42,19.2343257538421,GHA,0,2,4,2,1
kenedy,Left Winger,25,22/23,chelsea,real valladolid,7000000,500000.0,0.0,0.0,275,3.055555555555556,17.820580474934037,27.489872356711835,0,1,0,0,Liga,4,2,4,3.843398323779178,BRA,0,1,5,4,0
divock origi,Centre-Forward,27,22/23,liverpool,ac milan,12000000,0.0,0.0,0.0,133,1.5,0.0,1.9841269841269844,3,0,0,0,Premier League,0,0,2,5.239344459722152,BEL,0,1,1,0,0
pablo sarabia,Right Winger,30,22/23,paris sg,wolves,20000000,5000000.0,0.0,0.0,22,0.2,0.0,0.2645502645502646,1,0,0,0,Ligue 1,0,0,0,0.7807711548186286,ESP,0,1,4,3,0
riccardo ciervo,Left Winger,20,22/23,roma,sassuolo,1500000,2000000.0,0.1755,0.0,1736,19.288888888888888,17.820580474934037,48.962535496041646,4,4,0,0,Serie A,35,6,69,29.02707162005932,,1,1,3,2,0
richarlison,Centre-Forward,25,22/23,everton,tottenham,48000000,58000000.0,0.0,0.0,2523,28.0,28.0,73.87914230019493,10,5,3,0,Premier League,29,1,42,35.490838708748406,BRA,0,3,2,-1,1
felix afena-gyan,Left Winger,19,22/23,roma,cremonese,6000000,6000000.0,0.0,0.0,668,7.4,6.0,17.68309663046505,2,0,0,0,Serie A,6,1,7,4.521292313168904,GHA,0,1,5,4,1
raphinha,Left Winger,25,22/23,leeds united,barcelona,45000000,58000000.0,0.0,0.0,2915,32.4,34.0,87.59398496240601,11,3,4,0,Premier League,65,11,134,51.24930142376616,BRA,0,5,1,-4,1
raul de tomas,Centre-Forward,27,22/23,espanyol,rayo vallecano,25000000,11000000.0,0.0,0.0,2914,32.4,33.0,86.27819548872179,17,3,5,0,Liga,25,4,86,53.127335929474114,ESP,0,3,4,1,1
edinson cavani,Centre-Forward,35,22/23,man utd,valencia,4000000,0.0,0.0,0.0,766,8.5,7.0,20.45391255917572,2,1,0,0,Premier League,7,0,9,7.445324511493601,URU,0,1,3,2,0
andrea belotti,Centre-Forward,28,22/23,torino,roma,20000000,0.0,0.0,0.0,1371,15.2,16.0,41.15845168476747,8,1,3,0,Serie A,10,0,24,20.612627472389608,ITA,0,3,1,-2,0
manu vallejo,Centre-Forward,25,22/23,valencia,girona,3000000,0.0,0.3845,0.0,468,5.2,2.0,9.5098858256753,1,1,0,0,Liga,5,2,9,6.135383966171616,ESP,0,3,5,2,0
vedat muriqi,Centre-Forward,28,22/23,lazio,rcd mallorca,7000000,8020000.0,0.0,0.0,1653,18.4,17.0,46.70704539125591,5,3,2,0,Liga,14,1,37,20.87760927395899,KVX,0,2,4,2,0
paulo dybala,Centre-Forward,28,22/23,juventus,roma,35000000,0.0,0.0,0.0,2061,22.9,26.0,64.50153160679476,10,5,1,1,Serie A,38,6,103,50.4766989885148,ARG,0,1,1,0,1
federico bonazzoli,Centre-Forward,25,22/23,sampdoria,salernitana,5000000,5000000.0,0.5775,0.3037298947368421,1866,20.7,19.0,52.38095238095239,10,0,2,0,Serie A,10,2,46,27.756961484002733,ITA,0,3,5,2,0
federico chiesa,Right Winger,24,22/23,fiorentina,juventus,65000000,44600000.0,0.0511,0.732111373260738,863,9.6,11.0,27.17209690893901,2,2,0,0,Serie A,17,5,32,14.96388883434358,ITA,0,3,1,-2,1
raheem sterling,Right Winger,27,22/23,man city,chelsea,70000000,56200000.0,0.0,0.0,2128,23.6,23.0,61.48008911166807,13,5,2,1,Premier League,42,9,65,40.32271086555039,ENG,0,1,1,0,0
randal kolo muani,Centre-Forward,23,22/23,nantes,frankfurt,16000000,0.0,0.0,0.0,2948,32.8,34.0,88.12308549150654,12,4,0,0,Ligue 1,40,6,28,40.95566135498661,FRA,0,3,3,0,1
luka jovic,Centre-Forward,24,22/23,real madrid,fiorentina,16000000,0.0,0.1847,0.4276126802856197,369,4.1,17.820580474934037,28.871412627141,1,3,0,0,Liga,5,0,7,6.340017979808326,SRB,0,1,3,2,0
amine gouiri,Centre-Forward,22,22/23,nice,rennes jugend,42000000,28000000.0,0.0,0.0,2754,30.6,32.0,82.58145363408522,10,9,3,2,Ligue 1,49,8,104,57.4353368865748,ALG,0,3,2,-1,1
willian jose,Centre-Forward,30,22/23,real sociedad,real betis,12000000,10000000.0,0.0,0.0,1604,17.8,19.0,48.54497354497354,8,4,3,0,Liga,22,2,38,29.328438398347444,BRA,0,3,3,0,1
alexandre lacazette,Centre-Forward,31,22/23,arsenal,lyon,15000000,0.0,0.0,0.0,1782,19.8,20.0,52.5062656641604,4,7,2,1,Premier League,29,1,52,28.793426505022303,FRA,0,1,1,0,0
alexis sanchez,Centre-Forward,33,22/23,inter,marseille,3500000,0.0,0.0,0.0,881,9.8,7.0,22.17348927875244,5,2,0,0,Serie A,20,5,76,30.16975866997132,CHI,0,1,1,0,1
erling haaland,Centre-Forward,22,22/23,dortmund,man city,150000000,60000000.0,0.0,0.0,1911,21.2,21.0,55.673906989696455,22,8,6,0,Bundesliga,23,1,41,55.39517780511595,NOR,0,1,1,0,1
ermedin demirovic,Centre-Forward,24,22/23,freiburg,augsburg,6000000,2300000.0,0.0,0.0,871,9.677777777777775,17.820580474934037,36.24942556070948,2,3,0,0,Bundesliga,10,1,10,10.31263368692442,BIH,0,3,3,0,0
iliman ndiaye,Right Winger,25,23/24,sheffield utd,marseille,18000000,17000000.0,0.0,0.0,1618,17.977777777777778,17.820580474934037,47.22826153954547,3,3,0,0,Ligue 1,22,3,62,21.01153144781706,SEN,0,5,1,-4,1
moussa diaby,Right Winger,24,23/24,leverkusen,aston villa,50000000,55000000.0,0.0,0.0,2699,30.0,33.0,83.10359231411863,9,8,0,1,Bundesliga,58,15,104,52.883813579031134,FRA,0,1,3,2,1
nicolas jackson,Centre-Forward,22,23/24,villarreal,chelsea,30000000,37000000.0,0.0,0.0,1598,17.8,16.0,44.597605123920914,12,4,0,0,Liga,21,0,40,35.04223224508294,SEN,0,2,1,-1,1
niclas fullkrug,Centre-Forward,30,23/24,werder bremen,dortmund,13000000,17250000.0,0.0,0.0,2477,27.5,28.0,73.21776663881927,16,5,5,0,Bundesliga,34,1,90,54.77450442461269,GER,0,3,1,-2,1
harry kane,Centre-Forward,30,23/24,tottenham,bayern munich,90000000,95000000.0,0.0,0.0,3405,37.8,38.0,100.0,30,3,5,1,Premier League,57,6,180,100.0,ENG,0,2,1,-1,1
hamed traore,Left Winger,23,23/24,sassuolo,bournemouth,22000000,25620000.0,0.2472,0.6601148601232811,1018,11.3,11.0,29.42077415761627,0,3,0,0,2 Comps,31,6,52,21.494572357396223,CIV,0,3,4,1,1
alexander srloth,Centre-Forward,27,23/24,leipzig,villarreal,12000000,10000000.0,0.0,0.0,2392,26.57777777777778,17.820580474934037,58.60392291520684,12,3,0,0,Bundesliga,31,2,20,34.627701334169075,NOR,0,1,2,1,1
yayah kallon,Right Winger,22,23/24,genoa,hellas verona,1500000,1800000.0,0.2386,0.1355228070175438,860,9.6,8.0,23.22472848788638,1,1,0,0,Serie A,13,6,22,10.984810065726792,SLE,0,4,4,0,0
adama traore,Right Winger,27,23/24,wolves,fulham,10000000,0.0,0.1136,0.1532473684210526,1496,16.6,12.0,37.74714564188248,2,1,0,0,Premier League,24,14,36,20.011924542487314,ESP,0,4,4,0,1
timothy weah,Right Winger,23,23/24,lille,juventus,14000000,11000000.0,0.0,0.0,1748,19.4,18.0,49.345586187691445,0,2,0,0,Ligue 1,16,10,79,20.49454356757498,USA,0,2,1,-1,1
anthony elanga,Right Winger,21,23/24,man utd,nott'm forest,18000000,22930000.0,0.0,0.0,426,4.7,5.0,12.795878585352272,0,1,0,0,Premier League,6,0,8,3.9962188417722415,SWE,0,1,5,4,1
ansgar knauff,Right Winger,20,23/24,dortmund,frankfurt,8000000,5000000.0,0.0,0.0,114,1.2666666666666666,17.820580474934037,25.12361721267892,0,0,0,0,Bundesliga,1,0,2,0.5127908940857779,GER,0,1,3,2,0
luka romero,Right Winger,18,23/24,lazio,ac milan,3000000,0.0,0.0,0.0,151,1.7,1.0,3.564466722361459,1,0,0,0,Serie A,2,0,4,1.8063529429901848,ARG,0,2,1,-1,0
luka jovic,Centre-Forward,25,23/24,fiorentina,ac milan,8000000,500000.0,0.0,0.0,1534,17.044444444444444,17.820580474934037,45.993693638310894,6,3,0,1,Serie A,23,0,28,23.061433356669266,SRB,0,3,1,-2,0
alexis sanchez,Centre-Forward,34,23/24,marseille,inter,4000000,0.0,0.0,0.0,2679,29.8,32.0,81.52325257588416,14,3,2,1,Ligue 1,55,5,127,63.92752448660701,CHI,0,1,1,0,0
andy delort,Centre-Forward,31,23/24,nice,nantes,7000000,5000000.0,0.0,0.0,1250,13.9,15.0,38.12308549150655,6,1,3,0,Ligue 1,20,4,28,22.56556798711676,ALG,0,3,3,0,0
andrea pinamonti,Centre-Forward,24,23/24,inter,sassuolo,15000000,20000000.0,0.3904,0.3987202429149797,2161,24.0,25.0,64.640768588137,5,0,1,0,Serie A,17,2,29,18.671835292977924,ITA,0,1,3,2,0
antoine griezmann,Centre-Forward,32,23/24,barcelona,atlético,25000000,22000000.0,0.0,0.0,2859,31.8,31.0,82.8529657477026,15,16,0,0,Liga,84,13,171,93.82325160481254,FRA,0,1,1,0,1
keinan davis,Centre-Forward,27,23/24,aston villa,udinese,3000000,2300000.0,0.3801,0.3011543859649123,186,2.066666666666667,17.820580474934037,26.181818270879976,1,0,0,0,Serie A,3,0,6,3.4804231336793245,ENG,0,3,3,0,0
beto,Centre-Forward,25,23/24,udinese,everton,25000000,25000000.0,0.0,0.0,2129,23.7,23.0,61.61236424394318,10,1,1,0,Serie A,23,0,13,25.64824162619957,GNB,0,3,3,0,1
bertrand traore,Right Winger,27,23/24,aston villa,villarreal,10000000,0.0,0.4107,0.3259159791370317,233,2.6,1.0,4.75494291283765,2,0,0,0,Premier League,1,3,9,4.158201503491944,BFA,0,3,2,-1,0
jeremie boga,Left Winger,26,23/24,atalanta,nice,14000000,17500000.0,0.0,0.0,782,8.7,5.0,18.08688387635756,2,5,0,0,Ligue 1,34,8,53,27.638221171627816,CIV,0,2,3,1,1
junior messias,Right Winger,32,23/24,ac milan,genoa,3000000,1500000.0,0.0,0.0,1498,16.6,19.0,46.95767195767196,5,2,0,0,Serie A,13,2,54,17.266152793622215,BRA,0,1,4,3,0
kevin schade,Left Winger,21,23/24,freiburg,brentford,25000000,25000000.0,0.3011,0.2184947368421053,914,10.2,8.0,24.01837928153717,1,1,0,0,Bundesliga,8,2,18,7.339384250227638,GER,0,3,5,2,1
kevin behrens,Centre-Forward,32,23/24,union berlin,wolfsburg,4000000,2000000.0,0.0,0.0,1535,17.1,17.0,44.9874686716792,8,1,0,0,Bundesliga,21,1,71,32.034579353220764,GER,0,5,3,-2,0
sven michel,Left Winger,33,23/24,union berlin,augsburg,900000,950000.0,0.0,0.0,495,5.5,2.0,9.906711222500697,3,1,1,0,Bundesliga,7,2,12,7.945434868921306,GER,0,5,3,-2,0
arkadiusz milik,Centre-Forward,29,23/24,marseille,juventus,8000000,7300000.0,0.1847,0.5200516800475766,1715,19.1,19.0,50.264550264550266,7,1,0,1,Ligue 1,18,0,35,23.059589102214563,POL,0,1,1,0,0
sergio camello,Centre-Forward,22,23/24,atlético,rayo vallecano,10000000,5000000.0,0.0,0.0,2401,26.7,27.0,70.843776106934,6,5,0,0,Liga,28,0,42,28.23519533623519,ESP,0,1,4,3,0
sergi canos,Left Winger,26,23/24,brentford,valencia,9000000,250000.0,0.3994,0.3792631578947368,77,0.9,0.0,1.190476190476191,0,0,0,0,Premier League,1,0,2,0.5127908940857779,ESP,0,5,3,-2,1
kang-in lee,Right Winger,22,23/24,rcd mallorca,paris sg,22000000,22000000.0,0.0,0.0,2823,31.4,33.0,84.95544416597048,6,6,0,0,Liga,54,11,96,44.02046544964438,KOR,0,4,1,-3,1
kai havertz,Centre-Forward,24,23/24,chelsea,arsenal,55000000,75000000.0,0.0,0.0,2569,28.5,30.0,77.17209690893903,7,1,1,0,Premier League,38,2,89,38.607870092362994,GER,0,1,1,0,0
mariano diaz,Centre-Forward,30,23/24,real madrid,sevilla fc,2500000,0.0,0.0,0.0,157,1.7,1.0,3.564466722361459,0,0,0,0,La Liga,1,0,2,0.6154284860682844,DOM,0,1,2,1,0
marcus thuram,Centre-Forward,25,23/24,mönchengladbach,inter,32000000,0.0,0.0,0.0,2513,27.9,28.0,73.7468671679198,13,6,0,0,Bundesliga,29,0,46,41.33789732523703,FRA,0,3,1,-2,1
jeremy doku,Left Winger,21,23/24,rennes jugend,man city,28000000,60000000.0,0.0,0.0,1291,14.3,13.0,36.02060707323865,6,2,0,0,Premier League,30,3,71,25.319271396342604,BEL,0,2,1,-1,1
brennan johnson,Right Winger,22,23/24,nott'm forest,tottenham,38000000,55000000.0,0.0,0.0,2934,32.6,33.0,86.54274575327207,8,3,1,2,Premier League,28,6,30,24.431565726256668,WAL,0,5,2,-3,1
sheraldo becker,Left Winger,28,23/24,union berlin,real sociedad,12000000,3000000.0,0.0,0.0,2554,28.4,33.0,80.98719019771652,11,7,0,0,Bundesliga,44,30,44,48.90821224882828,SUR,0,5,3,-2,0
samuel chukwueze,Right Winger,24,23/24,villarreal,ac milan,25000000,21100000.0,0.0,0.0,2339,26.0,27.0,69.91785018100808,6,5,0,0,Liga,44,7,85,36.7809364872443,NGA,0,2,1,-1,0
samu aghehowa,Centre-Forward,19,23/24,granada,atlético,200000,6000000.0,0.0,0.0,1998,22.2,17.820580474934037,52.81321156893994,9,1,0,0,Liga,18,0,18,23.463947270124223,ESP,0,4,1,-3,0
chris wood,Centre-Forward,31,23/24,newcastle,nott'm forest,8000000,17000000.0,0.0,0.0,818,9.1,9.0,23.87914230019493,3,0,1,0,Premier League,6,0,11,8.42651822618375,NZL,0,3,5,2,1
cameron archer,Centre-Forward,22,23/24,aston villa,sheffield utd,12000000,21550000.0,0.3646,0.0,49,0.5,0.0,0.6613756613756614,0,0,0,0,Premier League,0,0,0,0.0,ENG,0,3,5,2,1
callum hudson-odoi,Left Winger,22,23/24,chelsea,nott'm forest,15000000,3500000.0,0.0,0.0,605,6.7,7.0,18.072960178223337,0,1,0,0,Premier League,13,1,31,9.018212528392011,ENG,0,1,5,4,1
serhou guirassy,Centre-Forward,27,23/24,rennes jugend,stuttgart,14000000,9000000.0,0.0,0.0,1646,18.3,20.0,50.52213868003341,11,0,2,0,Bundesliga,19,0,30,28.32092993232164,GUI,0,2,3,1,1
boulaye dia,Centre-Forward,26,23/24,villarreal,salernitana,25000000,14400000.0,0.4271,0.4860017543859649,2518,28.0,27.0,72.56335282651072,16,6,1,0,Serie A,35,2,50,49.46634677056677,SEN,0,2,5,3,0
carles perez,Right Winger,25,23/24,roma,celta vigo,5000000,5200000.0,0.2273,0.1600028070175438,2144,23.8,23.0,61.74463937621832,3,5,0,0,Liga,23,3,66,24.47002128856252,ESP,0,1,3,2,0
christopher nkunku,Centre-Forward,25,23/24,leipzig,chelsea,80000000,60000000.0,0.0,0.0,1897,21.1,20.0,54.22584238373712,16,4,3,1,Bundesliga,39,2,71,52.695358348654686,FRA,0,1,1,0,0
christian pulisic,Right Winger,24,23/24,chelsea,ac milan,25000000,20800000.0,0.0,0.0,821,9.1,8.0,22.563352826510723,1,1,0,0,Premier League,12,1,23,8.622141593838146,USA,0,1,1,0,1
samuele mulattieri,Centre-Forward,23,23/24,inter,sassuolo,4500000,5300000.0,0.3289,0.4791894736842105,462,5.133333333333334,17.820580474934037,30.238255660650697,0,0,0,0,Serie A,6,0,1,1.839448033266644,ITA,0,1,3,2,0
jordi mboula,Right Winger,23,23/24,rcd mallorca,hellas verona,1200000,0.0,0.0,0.0,307,3.411111111111111,17.820580474934037,27.96018393813453,0,1,0,0,Serie A,3,0,4,2.679196557943816,ESP,0,4,4,0,0
matheus cunha,Centre-Forward,24,23/24,atlético,wolves,25000000,50000000.0,0.0,0.0,1342,14.9,14.0,38.13004734057366,2,2,0,0,Premier League,13,0,21,11.84927376921682,BRA,0,1,4,3,1
cyril ngonge,Right Winger,23,23/24,hellas verona,napoli,6000000,20000000.0,0.0,0.0,745,8.3,9.0,22.820941241993875,3,1,0,0,Serie A,11,4,13,10.094633320941735,BEL,0,4,1,-3,1
jonathan bamba,Left Winger,27,23/24,lille,celta vigo,20000000,0.0,0.0,0.0,2783,30.9,32.0,82.97827903091061,6,7,0,0,Ligue 1,46,9,146,47.71211444904896,CIV,0,2,3,1,0
matteo cancellieri,Right Winger,21,23/24,hellas verona,lazio,5000000,8500000.0,0.1051,0.08082773422919,256,2.8,1.0,5.019493177387914,0,0,0,0,Serie A,3,1,2,1.5320525204887665,ITA,0,4,2,-2,1
raul jimenez,Centre-Forward,32,23/24,wolves,fulham,6000000,6400000.0,0.0,0.0,846,9.4,8.0,22.96017822333612,0,1,0,0,Premier League,8,1,14,5.73847041440684,MEX,0,4,4,0,0
rasmus hjlund,Centre-Forward,20,23/24,atalanta,man utd,45000000,77800000.0,0.0,0.0,1834,20.377777777777776,17.820580474934037,50.40286471414864,9,2,0,0,Serie A,24,1,37,29.48775216223882,DEN,0,2,1,-1,0
jesper lindstrm,Right Winger,23,23/24,frankfurt,napoli,28000000,30000000.0,0.0,0.0,1679,18.655555555555555,17.820580474934037,48.12479299163247,7,2,0,0,Bundesliga,19,2,33,18.25215889369718,DEN,0,3,1,-2,1
portu,Right Winger,27,23/24,real sociedad,getafe,3500000,3500000.0,0.3381,0.0,1285,14.27777777777778,17.820580474934037,42.33408164536557,7,5,0,0,Liga,18,2,35,22.268591618815385,ESP,0,3,3,0,0
portu,Right Winger,27,23/24,getafe,girona,3500000,1500000.0,0.0,0.0,1285,14.27777777777778,17.820580474934037,42.33408164536557,7,5,0,0,Liga,18,2,35,22.268591618815385,ESP,0,3,5,2,0
pierre-emerick aubameyang,Centre-Forward,34,23/24,chelsea,marseille,4000000,0.0,0.0,0.0,563,6.3,5.0,14.912280701754389,1,0,0,0,Premier League,4,1,3,3.694118654346551,GAB,0,1,1,0,1
elye wahi,Centre-Forward,20,23/24,montpellier,lens,35000000,30000000.0,0.0,0.0,2513,27.9,29.0,75.06265664160401,19,5,1,0,Ligue 1,22,0,25,44.94408561774676,FRA,0,3,5,2,1
randal kolo muani,Centre-Forward,24,23/24,frankfurt,paris sg,80000000,95000000.0,0.0,0.0,2631,29.2,31.0,79.41381230854915,15,11,2,0,Bundesliga,41,2,61,54.9132060014202,FRA,0,3,1,-2,1
mergim berisha,Centre-Forward,25,23/24,augsburg,hoffenheim,12000000,14000000.0,0.0,0.0,1679,18.7,20.0,51.051239209133946,9,4,3,1,Bundesliga,20,3,28,29.16152041963492,GER,0,3,3,0,1
phillip tietz,Centre-Forward,27,23/24,darmstadt 98,augsburg,2700000,2200000.0,0.0,0.0,2382,26.466666666666665,17.820580474934037,58.45695054601225,8,4,0,0,Bundesliga,29,1,51,33.02737646633028,GER,0,5,3,-2,0
ousmane dembele,Centre-Forward,26,23/24,barcelona,paris sg,60000000,50000000.0,0.0,0.0,1410,15.7,16.0,41.819827346143136,5,7,0,0,Liga,41,5,74,39.238157051400606,FRA,0,1,1,0,1
folarin balogun,Centre-Forward,22,23/24,arsenal,monaco,30000000,30000000.0,0.3369,0.1378473684210526,2999,33.3,34.0,88.7844611528822,21,2,6,1,Ligue 1,36,1,55,55.471751800855664,USA,0,1,2,1,1
gianluca caprari,Centre-Forward,30,23/24,hellas verona,monza,8000000,8000000.0,0.4347,0.2061208931419457,2441,27.1,32.0,77.95182400445559,5,2,1,0,Serie A,29,4,92,34.931087993441345,ITA,0,4,5,1,1
giacomo raspadori,Centre-Forward,23,23/24,sassuolo,napoli,35000000,28000000.0,0.0597,0.3577894736842105,956,10.6,10.0,27.179058758006125,2,2,0,0,Serie A,18,1,35,16.04087468400151,ITA,0,3,1,-2,1
omar marmoush,Centre-Forward,24,23/24,wolfsburg,frankfurt,6000000,0.0,0.0,0.0,1476,16.4,15.0,41.42996379838485,5,1,0,0,Bundesliga,11,1,51,20.977881466114496,EGY,0,3,3,0,1
moise kean,Centre-Forward,23,23/24,everton,juventus,18000000,30000000.0,0.2172,0.1766199999999999,995,11.1,11.0,29.156223893066,6,0,0,0,Serie A,8,1,13,14.663452409290784,ITA,0,3,1,-2,1
mohamed-ali cho,Right Winger,19,23/24,real sociedad,nice,8000000,10000000.0,0.0,0.0,587,6.522222222222222,17.820580474934037,32.07541027558309,1,2,0,0,Liga,7,7,8,9.48526921198785,FRA,0,3,3,0,1
milan djuric,Centre-Forward,33,23/24,hellas verona,monza,1000000,2300000.0,0.0,0.0,1396,15.511111111111113,17.820580474934037,43.965474943425534,6,2,1,0,Premier League,18,1,34,22.40895966925002,BiH,0,4,5,1,0
gianluca scamacca,Centre-Forward,24,23/24,west ham,atalanta,22000000,28000000.0,0.0,0.0,926,10.3,11.0,28.098022834864945,3,0,0,0,Premier League,13,1,17,11.827387513312576,ITA,0,3,2,-1,1
giovanni simeone,Centre-Forward,28,23/24,hellas verona,napoli,15000000,12000000.0,0.1364,0.1581684210526315,406,4.5,1.0,7.268170426065162,4,1,0,0,Serie A,5,0,9,10.156605756903453,ARG,0,4,1,-3,1
ivan cavaleiro,Left Winger,27,23/24,fulham,lille,2200000,0.0,0.4704,0.2841214035087719,770,8.555555555555555,17.820580474934037,34.76500463184411,1,1,0,0,Ligue 1,12,2,23,9.05852222892739,POR,0,4,2,-2,0
andrea petagna,Centre-Forward,28,23/24,napoli,monza,10000000,9700000.0,0.4141,0.2933124981946391,1663,18.5,19.0,49.47089947089948,4,5,1,0,Serie A,30,0,34,24.17618835763038,ITA,0,1,5,4,0
ludovic blas,Right Winger,25,23/24,nantes,rennes jugend,20000000,15000000.0,0.0,0.0,2813,31.3,30.0,80.87580061264272,7,5,2,2,Ligue 1,47,8,147,45.73427211541889,FRA,0,3,2,-1,1
alex iwobi,Left Winger,27,23/24,everton,fulham,28000000,25700000.0,0.0,0.0,3378,37.5,38.0,99.6031746031746,2,7,0,0,Premier League,64,17,194,58.63841339460585,NGA,0,3,4,1,1
abde ezzalzouli,Left Winger,21,23/24,barcelona,real betis,15000000,7500000.0,0.0,0.0,1504,16.7,19.0,47.089947089947096,4,2,0,0,Liga,12,9,44,18.141853596626905,MAR,0,1,3,2,1
lois openda,Centre-Forward,23,23/24,lens,leipzig,35000000,40000000.0,0.0,0.0,2517,28.0,29.0,75.19493177387915,21,4,1,0,Ligue 1,24,2,42,51.80308515165213,BEL,0,5,1,-4,1
alex sola,Right Winger,25,24/25,real sociedad,getafe,4000000,1000000.0,0.3845,0.2604877192982456,1262,14.0,14.0,36.93957115009746,0,3,0,0,Liga,27,9,42,20.53120028789193,ESP,0,3,3,0,0
akor adams,Centre-Forward,24,24/25,montpellier,sevilla fc,9000000,5500000.0,0.0,0.0,2252,25.0,27.0,68.59509885825675,8,1,0,0,Ligue 1,17,2,17,22.264038060922413,NGA,0,3,2,-1,1
yankuba minteh,Right Winger,21,24/25,newcastle,brighton,16000000,35000000.0,0.0,0.0,1838,20.42222222222222,17.820580474934037,50.46165366182647,6,4,0,0,Premier League,29,9,48,27.824933677519564,GAM,0,3,3,0,1
ryan fraser,Left Winger,25,24/25,newcastle,southampton,3000000,0.0,0.0,0.0,306,3.4,17.820580474934037,27.94548670121507,0,0,0,0,Premier League,2,0,8,1.4682825850293688,SCO,0,3,4,1,0
alexis sanchez,Centre-Forward,35,24/25,inter,udinese,2500000,0.0,0.0,0.0,763,8.5,6.0,19.138123085491507,2,5,1,0,Serie A,18,2,53,21.64798822547649,CHI,0,1,3,2,1
niclas fullkrug,Centre-Forward,31,24/25,dortmund,west ham,15000000,27000000.0,0.0,0.0,2392,26.6,29.0,73.34307992202729,12,8,3,0,Bundesliga,36,1,58,45.53817991941462,GER,0,1,3,2,0
nick woltemade,Centre-Forward,22,24/25,werder bremen,stuttgart,4000000,0.0,0.0,0.0,1189,13.2,12.0,33.24979114452798,2,0,0,0,Bundesliga,24,1,43,17.636826051186713,GER,0,3,3,0,1
gift orban,Centre-Forward,22,24/25,lyon,hoffenheim,10000000,9000000.0,0.0,0.0,474,5.3,5.0,13.589529379003062,1,0,0,0,Ligue 1,0,0,6,2.6449319753706875,NGA,0,1,3,2,0
nicolo cambiaghi,Left Winger,23,24/25,atalanta,bologna,7000000,10000000.0,0.3283,0.1195964912280701,2553,28.4,29.0,75.72403230297967,1,1,0,0,Serie A,31,15,63,24.69584787114627,ITA,0,2,3,1,1
iker bravo,Centre-Forward,20,24/25,leverkusen,udinese,500000,600000.0,0.0,0.0,682,7.5777777777777775,17.820580474934037,33.471647782931704,2,1,0,0,Serie A,7,0,18,8.961515961337923,ESP,0,1,3,2,0
iliman ndiaye,Right Winger,24,24/25,marseille,everton,15000000,18000000.0,0.0,0.0,1618,18.0,19.0,48.80952380952381,3,3,0,0,Ligue 1,22,3,62,21.01153144781706,SEN,0,1,3,2,0
mousa tamari,Right Winger,27,24/25,montpellier,rennes jugend,6000000,8000000.0,0.0,0.0,1928,21.4,24.0,59.885825675299365,5,2,0,0,Ligue 1,20,0,54,18.433474993041823,JOR,1,3,2,-1,0
moise kean,Centre-Forward,24,24/25,juventus,fiorentina,14000000,13000000.0,0.0,0.0,654,7.3,8.0,20.18240044555834,0,0,0,0,Serie A,5,0,6,2.403279563743945,ITA,0,1,3,2,1
vitinha,Centre-Forward,24,24/25,marseille,genoa,14000000,8300000.0,0.2557,0.0,1208,13.4,12.0,33.514341409078256,5,2,0,0,Ligue 1,20,4,27,21.47434293630642,POR,0,1,4,3,0
antoine joujou,Left Winger,21,24/25,le havre,parma,1500000,2700000.0,0.0,0.0,779,8.7,6.0,19.40267335004177,0,2,0,0,Ligue 1,9,2,22,8.654928662039081,FRA,0,5,4,-1,0
anastasios douvikas,Centre-Forward,24,24/25,celta vigo,como,5000000,14000000.0,0.0,0.0,905,10.1,7.0,22.57031467557784,7,1,0,0,Liga,8,1,13,17.00896842607877,GRE,0,3,5,2,0
kylian mbappe,Centre-Forward,25,24/25,paris sg,real madrid,180000000,0.0,0.0,0.0,2158,24.0,24.0,63.32497911445281,27,7,6,2,Ligue 1,40,1,122,81.234660786856,FRA,0,1,1,0,1
omari forson,Right Winger,20,24/25,man utd,monza,2000000,0.0,0.0,0.0,70,0.8,1.0,2.3739905318852688,0,1,0,0,Premier League,2,0,2,2.1664056638580376,ENG,0,1,5,4,0
khvicha kvaratskhelia,Left Winger,23,24/25,napoli,paris sg,85000000,70000000.0,0.0,0.0,2737,30.4,32.0,82.31690336953494,11,6,0,0,Serie A,63,2,89,45.84513357434498,GEO,0,1,1,0,1
german valera,Right Winger,20,24/25,atlético,valencia,2000000,25000.0,0.0,0.0,51,0.5666666666666667,17.820580474934037,24.19769128675299,0,0,0,0,Liga,0,0,1,0.1106751992144532,ESP,0,1,3,2,0
omar marmoush,Centre-Forward,25,24/25,frankfurt,man city,60000000,75000000.0,0.0,0.0,2301,25.6,27.0,69.38874965190756,12,6,2,0,Bundesliga,40,2,60,46.0069384990103,EGY,0,3,1,-2,1
ismaila sarr,Right Winger,26,24/25,marseille,crystal palace,18000000,15000000.0,0.0,0.0,1447,16.1,15.0,41.033138401559455,3,4,0,0,Premier League,20,5,36,19.786030821221413,SEN,0,1,3,2,1
jaden philogene,Left Winger,22,24/25,aston villa,ipswich town,15000000,23700000.0,0.2737,0.6003912611717974,4,0.0,0.0,0.0,0,0,0,0,Premier League,0,0,0,0.0,ENG,0,3,5,2,1
milan djuric,Centre-Forward,34,24/25,monza,parma,1500000,1500000.0,0.0,0.0,1559,17.322222222222223,17.820580474934037,46.36112456129737,7,2,1,0,Serie A,20,2,37,25.54608421805748,BiH,0,5,4,-1,0
tino kadewere,Centre-Forward,28,24/25,lyon,nantes,2500000,0.0,0.0,0.0,1077,12.0,10.0,29.03091060985798,1,0,0,1,Ligue 1,18,2,38,13.929973093693908,ZIM,0,1,3,2,0
arnaud nordin,Right Winger,26,24/25,montpellier,mainz,8000000,1000000.0,0.0,0.0,1246,13.8,15.0,37.99081035923141,5,3,0,0,Ligue 1,21,4,52,21.61126190474216,FRA,0,3,3,0,0
gabriel strefezza,Right Winger,27,24/25,lecce,como,6000000,3500000.0,0.375,0.0878035087719298,1112,12.4,13.0,33.50737956001114,1,0,1,0,Serie A,20,7,54,15.640706271161251,BRA,0,5,5,0,0
jacob bruun larsen,Left Winger,25,24/25,hoffenheim,stuttgart,6000000,1700000.0,0.3845,0.1931438596491228,1249,13.9,16.0,39.43887496519076,6,0,1,0,Premier League,25,2,38,17.049058160661275,DEN,0,3,3,0,0
tijjani noslin,Right Winger,25,24/25,hellas verona,lazio,10000000,15900000.0,0.0,0.0,1339,14.9,17.0,42.07741576162629,5,4,0,0,Serie A,26,4,26,21.55308347756612,NED,0,4,2,-2,1
takuma asano,Right Winger,29,24/25,vfl bochum,rcd mallorca,4000000,0.0,0.0,0.0,1986,22.1,26.0,63.4433305485937,6,1,0,0,Bundesliga,21,1,32,16.14503862177321,JPN,0,5,4,-1,0
steve mounie,Centre-Forward,29,24/25,brest,augsburg,6000000,0.0,0.0,0.0,1769,19.7,20.0,52.37399053188527,6,2,0,0,Ligue 1,21,3,25,22.609450613405915,BEN,0,4,3,-1,0
assane diao,Left Winger,18,24/25,real betis,como,9000000,12000000.0,0.0,0.0,1048,11.6,13.0,32.44917850181008,2,0,0,0,Liga,10,1,20,7.125831885584282,SEN,0,3,5,2,1
asier villalibre,Centre-Forward,26,24/25,bilbao athletic,alavés,2500000,1000000.0,0.0,0.0,513,5.7,4.0,12.802840434419382,2,1,0,0,Liga,9,0,10,8.170784333682063,ESP,0,3,4,1,0
kelechi iheanacho,Centre-Forward,24,24/25,leicester,sevilla fc,12000000,0.0,0.0,0.0,400,4.444444444444445,17.820580474934037,29.32702697164424,0,0,0,0,Liga,5,0,5,2.234813847094576,NGA,0,3,2,-1,0
marc guiu,Centre-Forward,18,24/25,barcelona,chelsea,7500000,6000000.0,0.0,0.0,74,0.8,1.0,2.3739905318852688,1,0,0,0,Liga,1,0,1,2.0811004448933863,ESP,0,1,1,0,0
federico chiesa,Right Winger,26,24/25,juventus,liverpool,35000000,12000000.0,0.0,0.0,2197,24.4,25.0,65.16986911723754,9,2,1,0,Serie A,54,18,70,41.09119108368764,ITA,0,1,1,0,0
pedro neto,Right Winger,24,24/25,wolves,chelsea,55000000,60000000.0,0.0,0.0,1516,16.8,18.0,45.90643274853801,2,9,0,0,Premier League,38,12,54,36.108877990288285,POR,0,4,1,-3,1
pau victor,Centre-Forward,22,24/25,girona,barcelona,1500000,5500000.0,0.4003,0.0,319,3.5444444444444443,17.820580474934037,28.13655078116804,2,1,0,0,Liga,8,0,11,8.060752997561885,ESP,0,5,1,-4,0
jaime mata,Centre-Forward,35,24/25,getafe,ud las palmas,900000,0.0,0.0,0.0,1787,19.9,22.0,55.27011974380396,5,1,0,0,Liga,18,6,19,19.739435991950444,ESP,0,3,5,2,0
michael olise,Right Winger,22,24/25,crystal palace,bayern munich,55000000,53000000.0,0.0,0.0,1275,14.2,14.0,37.20412141464773,10,6,1,0,Premier League,36,3,78,36.41442248052108,FRA,0,3,1,-2,1
artem dovbyk,Centre-Forward,27,24/25,girona,roma,35000000,30500000.0,0.0,0.0,2587,28.7,32.0,80.0682261208577,24,8,7,1,Liga,27,0,26,56.80985999955675,UKR,0,5,1,-4,0
ben brereton diaz,Centre-Forward,25,24/25,villarreal,southampton,8000000,8300000.0,0.4158,0.0,1375,15.3,16.0,41.29072681704261,6,1,1,0,Liga,10,2,51,22.77411770666521,CHI,0,2,4,2,0
serhou guirassy,Centre-Forward,28,24/25,stuttgart,dortmund,40000000,18000000.0,0.0,0.0,2208,24.5,25.0,65.30214424951268,28,3,4,0,Bundesliga,53,0,56,72.08441386637634,GUI,0,3,1,-2,1
ayoze perez,Centre-Forward,31,24/25,real betis,villarreal,7000000,4000000.0,0.0,0.0,2294,25.5,29.0,71.88805346700083,9,1,0,0,Liga,29,0,80,36.97228928285012,ESP,0,3,2,-1,1
bobby de cordova-reid,Right Winger,31,24/25,fulham,leicester,5000000,0.0,0.0,0.0,1423,15.8,17.0,43.26789195210248,6,2,0,0,Premier League,17,5,47,19.747101441834893,JAM,0,4,3,-1,0
ermedin demirovic,Centre-Forward,26,24/25,augsburg,stuttgart,28000000,23000000.0,0.0,0.0,2873,31.92222222222222,17.820580474934037,65.67329387346669,15,9,3,1,Bundesliga,33,1,60,50.65341156214164,BIH,0,3,3,0,1
eren dinkci,Right Winger,22,24/25,werder bremen,freiburg,12000000,5000000.0,0.3369,0.0783491228070175,2650,29.4,33.0,82.30994152046783,10,5,0,0,Bundesliga,36,15,89,41.506243018835626,GER,0,3,3,0,0
cameron archer,Centre-Forward,23,24/25,aston villa,southampton,13000000,17600000.0,0.3561,0.0,1832,20.4,21.0,54.615705931495405,4,1,0,0,Premier League,23,2,15,17.06153824234307,ENG,0,3,4,1,1
juanmi latasa,Centre-Forward,23,24/25,real madrid,real valladolid,2800000,2500000.0,0.0,0.0,1555,17.3,15.0,42.62043998886105,2,0,0,0,Liga,19,0,16,11.25517081996022,ESP,0,1,5,4,0
enes unal,Centre-Forward,27,24/25,getafe,bournemouth,18000000,16500000.0,0.3125,0.7349789473684211,468,5.2,3.0,10.82567529935951,2,3,0,0,Liga,8,0,8,8.978112530240804,TUR,0,3,4,1,1
julian alvarez,Centre-Forward,24,24/25,man city,atlético,90000000,75000000.0,0.0,0.0,2647,29.4,31.0,79.67836257309942,11,8,2,0,Premier League,67,4,103,61.440194982555056,ARG,0,1,1,0,1
maroan sannadi,Centre-Forward,24,24/25,alavés,bilbao athletic,400000,3000000.0,0.0,0.0,754,8.377777777777778,17.820580474934037,34.52984884113277,1,1,0,0,Liga,7,0,15,6.821981135915345,MAR,0,4,3,-1,0
marko arnautovic,Centre-Forward,35,24/25,bologna,inter,4000000,10900000.0,0.2699,0.6123209316394435,801,8.9,17.820580474934037,35.220618976347346,5,3,0,0,Serie A,16,1,20,18.5706861964588,AUT,0,3,1,-2,0
jamie leweling,Right Winger,23,24/25,union berlin,stuttgart,9000000,5000000.0,0.1847,0.0,1523,16.9,17.0,44.72291840712893,4,4,0,0,Bundesliga,23,10,35,23.51235143924244,GER,0,5,3,-2,0
dominic solanke,Centre-Forward,26,24/25,bournemouth,tottenham,40000000,64300000.0,0.0,0.0,3325,36.9,37.0,97.4937343358396,19,3,2,1,Premier League,39,3,60,55.473865768467306,ENG,0,4,2,-2,1
maximilian philipp,Centre-Forward,30,24/25,wolfsburg,freiburg,2000000,1000000.0,0.4568,0.4698280701754386,323,3.6,1.0,6.0776942355889725,1,0,0,0,Bundesliga,3,1,6,3.921018751525114,GER,0,3,3,0,0
maximilian beier,Centre-Forward,21,24/25,hoffenheim,dortmund,30000000,28500000.0,0.1364,0.0474736842105263,2420,26.9,29.0,73.73990531885268,16,1,0,0,Bundesliga,24,9,30,42.56084247546733,GER,0,3,1,-2,1
matias soule,Right Winger,21,24/25,juventus,roma,25000000,25600000.0,0.2926,0.0,3121,34.7,36.0,93.26789195210247,11,3,5,1,Serie A,82,12,198,63.72338323474724,ARG,0,1,1,0,1
raul moro,Left Winger,22,24/25,lazio,real valladolid,2500000,2500000.0,0.0,0.0,2341,26.01111111111112,17.820580474934037,57.854363832314434,4,5,0,0,Liga,44,22,81,41.32240290708792,ESP,0,2,5,3,0
duvan zapata,Centre-Forward,33,24/25,atalanta,torino,8000000,8600000.0,0.3665,0.2206827067669172,2992,33.2,36.0,91.2837649679755,13,4,0,0,Serie A,29,0,55,41.43133209245432,COL,0,2,3,1,0
elye wahi,Centre-Forward,21,24/25,marseille,frankfurt,25000000,26000000.0,0.0,0.0,1706,19.0,20.0,51.44806460595935,9,3,1,0,Ligue 1,17,0,16,24.271275466682965,FRA,0,1,3,2,1
elye wahi,Centre-Forward,21,24/25,lens,marseille,35000000,27000000.0,0.0,0.0,1706,19.0,20.0,51.44806460595935,9,3,1,0,Ligue 1,17,0,16,24.271275466682965,FRA,0,5,1,-4,0
eddie nketiah,Centre-Forward,25,24/25,arsenal,crystal palace,30000000,29700000.0,0.2727,0.0608719298245614,1082,12.0,10.0,29.03091060985798,5,2,0,0,Premier League,9,0,20,15.469232867912678,ENG,0,1,3,2,1
donyell malen,Right Winger,25,24/25,dortmund,aston villa,28000000,25000000.0,0.0,0.0,1781,19.8,21.0,53.822055137844615,13,1,0,0,Bundesliga,22,6,57,26.85066035696804,NED,0,1,3,2,1
scott banks,Right Winger,23,24/25,crystal palace,st. pauli,300000,400000.0,0.3646,0.7602790609617569,116,1.288888888888889,17.820580474934037,25.15301168651784,0,0,0,0,Bundesliga,0,1,1,0.5470558343036989,SCO,0,3,5,2,0
matthis abline,Centre-Forward,21,24/25,rennes jugend,nantes,6000000,10000000.0,0.0,0.0,1044,11.6,12.0,31.13338902812587,5,0,0,0,Ligue 1,17,2,20,17.155643843133596,FRA,0,2,3,1,0
said benrahma,Left Winger,28,24/25,west ham,lyon,20000000,14400000.0,0.3732,0.0,1390,15.4,15.0,40.10721247563353,3,4,0,1,Premier League,34,13,62,30.234798020707363,ALG,0,3,1,-2,0
mason greenwood,Right Winger,22,24/25,man utd,marseille,25000000,26000000.0,0.0,0.0,2662,29.6,30.0,78.62712336396547,8,6,2,1,Liga,36,11,89,39.561352442956775,ENG,0,1,1,0,1
mathis lambourde,Centre-Forward,18,24/25,rennes jugend,hellas verona,500000,0.0,0.0,0.0,10,0.1,0.0,0.1322751322751323,0,0,0,0,Ligue 1,0,0,0,0.0,FRA,0,2,4,2,0
robert navarro,Right Winger,22,24/25,real sociedad,rcd mallorca,6000000,850000.0,0.0,0.0,1888,21.0,24.0,59.356725146198826,1,1,0,0,Liga,41,11,70,26.639456681859176,ESP,0,3,4,1,0
romelu lukaku,Centre-Forward,31,24/25,chelsea,napoli,30000000,30000000.0,0.2408,0.3486035087719298,2641,29.3,30.0,78.23029796714007,13,3,0,1,Serie A,29,3,37,39.009357704989526,BEL,0,1,1,0,1
deniz undav,Centre-Forward,28,24/25,brighton,stuttgart,25000000,26700000.0,0.2614,0.2199889137737961,2089,23.2,23.0,60.95098858256753,18,10,0,1,Bundesliga,39,2,120,68.48672386330381,GER,0,3,3,0,0
ruben vargas,Left Winger,25,24/25,augsburg,sevilla fc,7000000,2500000.0,0.0,0.0,1962,21.8,25.0,61.7307156780841,4,5,0,0,Liga,26,5,77,28.21530239188924,SUI,0,3,2,-1,1
che adams,Centre-Forward,28,24/25,southampton,torino,15000000,0.0,0.0,0.0,2652,29.466666666666665,17.820580474934037,62.42520451426622,9,3,0,1,Serie A,26,0,40,30.820926141193745,SCO,0,4,3,-1,1
jordan ayew,Centre-Forward,32,24/25,crystal palace,leicester,4000000,5900000.0,0.0,0.0,2543,28.3,30.0,76.90754664438874,4,7,0,0,Premier League,25,10,63,33.497921737699286,GHA,0,3,3,0,0
joshua zirkzee,Centre-Forward,23,24/25,bologna,man utd,50000000,42500000.0,0.0,0.0,2759,30.7,32.0,82.71372876636033,11,4,2,0,Serie A,43,0,86,47.28445269640947,NED,0,3,1,-2,0
joao felix,Centre-Forward,24,24/25,atlético,chelsea,30000000,52000000.0,0.0,0.0,1540,17.1,18.0,46.303258145363415,7,3,0,0,Liga,19,1,68,30.76080710488612,POR,0,1,1,0,0
joselu,Centre-Forward,34,24/25,espanyol,real madrid,5000000,1500000.0,0.2557,0.1730526315789473,1687,18.7,15.0,44.4722918407129,10,2,0,2,Liga,12,0,20,24.47541240359368,ESP,0,3,1,-2,1
mateo retegui,Centre-Forward,25,24/25,genoa,atalanta,16000000,20900000.0,0.0,0.0,2216,24.6,26.0,66.75020885547201,7,2,1,0,Serie A,11,0,17,18.789105174452605,ITA,0,4,2,-2,1
alexander srloth,Centre-Forward,28,24/25,villarreal,atlético,25000000,32000000.0,0.0,0.0,2489,27.655555555555555,17.820580474934037,60.02955489639438,23,6,0,0,Liga,34,1,40,58.50156066177904,NOR,0,2,1,-1,0
andrea belotti,Centre-Forward,30,24/25,roma,como,5000000,4500000.0,0.3381,0.2773852631578948,1628,18.1,17.0,46.310219994430526,6,2,0,0,Serie A,13,1,23,19.16335152225924,ITA,0,1,5,4,0
lewis dobbin,Left Winger,19,24/25,everton,aston villa,2500000,11800000.0,0.0,0.0,32,0.3555555555555555,17.820580474934037,23.918443785283262,0,0,0,0,Premier League,0,0,1,0.1106751992144532,ENG,0,3,3,0,1
luis rioja,Left Winger,30,24/25,alavés,valencia,4000000,1200000.0,0.0,0.0,2498,27.8,31.0,77.56196045669729,5,4,3,1,Liga,41,19,77,38.114835598695,ESP,0,4,3,-1,0
hugo ekitike,Centre-Forward,22,24/25,paris sg,frankfurt,20000000,31500000.0,0.0,0.0,725,8.1,7.0,19.924812030075188,4,2,0,0,Liga,13,1,10,13.70502185486849,FRA,0,1,3,2,1
amath ndiaye,Right Winger,27,24/25,rcd mallorca,real valladolid,1500000,2000000.0,0.0,0.0,1594,17.711111111111112,17.820580474934037,46.87552785347845,5,4,0,0,Liga,29,7,70,28.606255635240416,,1,4,5,1,0
adam hlozek,Centre-Forward,22,24/25,leverkusen,hoffenheim,12000000,18000000.0,0.0,0.0,459,5.1,17.820580474934037,30.19416394989232,2,3,0,0,Bundesliga,9,0,13,10.098938166257197,CZE,0,1,3,2,1
alvaro morata,Centre-Forward,31,24/25,atlético,ac milan,16000000,13000000.0,0.0,0.0,1904,21.2,21.0,55.673906989696455,15,3,0,1,Liga,15,2,20,35.07416151627976,ESP,0,1,1,0,0
