PlayerName,Position,Age,Season,LeftClub,JoinedClub,MarketValue,Fee,Injury_Index,Loan_Index,Matches_Played,Mins_played,90s_Played,Defensive_Actions,Progressive_Actions,Passes_Completed_P90,Attacking_Contributions,Mistake_Rate,Total_Carry_Distance,Duel_Efficiency,Missing_Stats?,club_left_rank,club_joined_rank,Delta_Club_Rank,Transfer_Success
leonardo spinazzola,Full-Back,25,19/20,juventus,roma,15000000,29500000,0.455492049,0.4144,10,601,6.7,0.583333333,13.92678869,44.32612313,6.439267887,0.034431138,912.1297837,2.24625624,0,1,1,0,1
luca marrone,Centre-Back,28,19/20,juventus,hellas verona,800000,450000,0.197448842,0.6269,23,1960,21.8,0.857142857,4.591836735,52.85204082,0.367346939,0.012711864,1438.346939,2.112244898,0,1,4,3,0
enock kwateng,Full-Back,21,19/20,nantes,g. bordeaux,4000000,0,0,0,30,2040,22.7,0.832167832,6.661764706,41.38235294,2.691176471,0.040358744,905.25,3.617647059,0,3,3,0,0
aaron wan-bissaka,Full-Back,20,19/20,crystal palace,man utd,35000000,55000000,0,0,35,3134,34.8,0.816901408,7.437779196,32.91001914,1.723037652,0.046064401,672.5877473,3.819400128,0,3,1,-2,0
nacho monreal,Full-Back,32,19/20,arsenal,real sociedad,8000000,250000,0,0,22,1861,20.7,0.727272727,5.754970446,55.42181623,1.499193982,0.014940239,1071.778614,2.563138098,0,1,3,2,0
sergi palencia,Full-Back,22,19/20,barcelona,saint-étienne,6000000,2000000,0.151926316,0.3385,25,1986,22.1,0.736263736,6.027190332,42.09969789,2.628398792,0.034502588,916.858006,3.126888218,0,1,3,2,0
mohamed fares,Full-Back,22,19/20,hellas verona,spal,6000000,3500000,0,0,35,2949,32.8,0.829059829,6.012207528,33.54018311,3.112919634,0.062015504,658.7182096,2.563580875,0,4,5,1,0
xabi etxeita,Centre-Back,30,19/20,bilbao athletic,getafe,2000000,0,0,0,,1775,,0.782874507,69.42368394,821.6157205,8.193295614,0.021233523,22210.81467,55.65074736,1,3,3,0,0
alberto almici,Full-Back,25,19/20,atalanta,hellas verona,500000,500000,8.281077578,2.461111111,,1772,,0.80952381,132.4069952,831.0651828,56.25755167,0.032114147,17662.20986,41.57820738,1,2,4,2,0
alberto moreno,Full-Back,26,19/20,liverpool,villarreal,9000000,0,0,0,,1242,,0.742306456,94.83597285,626.7393715,42.11451759,0.026763521,13255.25665,28.98681954,1,1,2,1,1
óscar duarte,Centre-Back,29,19/20,espanyol,levante,1000000,0,0,0,11,660,7.3,0.72,2.454545455,39.54545455,0.681818182,0.017509728,1132.363636,3.818181818,0,3,4,1,0
laurent koscielny,Centre-Back,32,19/20,arsenal,g. bordeaux,8000000,5000000,0,0,17,1331,14.8,0.836734694,3.042824944,55.44703231,0.135236664,0.011157601,1519.519159,2.434259955,0,1,3,2,1
leandro cabrera,Centre-Back,27,19/20,getafe,espanyol,10000000,9000000,0.215898246,0.3864,32,2794,31,0.787878788,3.7043665,17.90980673,0.773085183,0.047178538,716.8754474,5.926986399,0,3,3,0,1
eliaquim mangala,Centre-Back,,19/20,man city,valencia,10000000,0,0,0.735423333,,1941,,0.803811,89.24137931,1094.03978,7.327898541,0.020988887,27255.96389,68.68356562,1,1,3,2,0
phil jagielka,Centre-Back,35,19/20,everton,sheffield utd,1000000,0,0,0,7,331,3.7,0.777777778,1.63141994,39.15407855,0.543806647,0.016064257,1083.26284,5.166163142,0,3,5,2,0
erick cabaco,Centre-Back,23,19/20,levante,getafe,2000000,8000000,0.227160574,0.3766,21,1632,18.1,0.823529412,4.6875,28.34558824,0.496323529,0.044534413,836.25,2.8125,0,4,3,-1,0
amir rrahmani,Centre-Back,,19/20,hellas verona,napoli,6000000,15300000,0,0,,1746,,0.790468217,67.77066667,859.808,8.535207184,0.027363041,20615.95598,50.72989304,1,4,1,-3,1
manuel lazzari,Full-Back,24,19/20,spal,lazio,18000000,15000000,0,0,33,2835,31.5,0.755102041,9.746031746,34.66666667,7.047619048,0.050384615,636.4761905,0.825396825,0,5,2,-3,1
valentino lazaro,Full-Back,22,19/20,hertha bsc,inter,17000000,22400000,0.241694823,0.3653,31,2741,30.5,0.833333333,6.56694637,38.71214885,3.644655235,0.037207358,909.554907,1.674571324,0,3,1,-2,0
vincent laurini,Full-Back,29,19/20,fiorentina,parma,1500000,440000,0.088586404,0.4448,15,920,10.2,0.692307692,8.706521739,43.82608696,3.130434783,0.038327526,1139.282609,2.543478261,0,3,4,1,0
marco friedl,Centre-Back,,19/20,bayern munich,werder bremen,2500000,3500000,0,0.735423333,,1941,,0.803811,89.24137931,1094.03978,7.327898541,0.020988887,27255.96389,68.68356562,1,1,3,2,0
kieran trippier,Full-Back,27,19/20,tottenham,atlético,35000000,22000000,0,0,27,2276,25.3,0.666666667,8.659929701,60.3427065,5.891915641,0.019224168,1411.252197,2.609841828,0,2,1,-1,0
koffi djidji,Centre-Back,25,19/20,nantes,torino,5000000,3000000,0.309366316,0.2386,18,1477,16.4,0.777777778,3.473256601,32.78266757,0.182802979,0.032163743,835.8361544,2.863913338,0,3,3,0,0
konstantinos manolas,Centre-Back,,19/20,roma,napoli,45000000,36000000,0,0.735423333,,1941,,0.803811,89.24137931,1094.03978,7.327898541,0.020988887,27255.96389,68.68356562,1,1,1,0,1
konstantinos stafylidis,Full-Back,24,19/20,augsburg,hoffenheim,3000000,0,0,0,,2373,,0.763861606,153.9825315,1020.710325,64.89520306,0.036735172,23036.42096,59.09400743,1,3,3,0,0
kortney hause,Centre-Back,23,19/20,wolves,aston villa,1000000,3400000,0,0,,2008,,0.875663412,85.05746064,866.8274535,10.62881839,0.029519342,23756.85053,76.87238979,1,4,3,-1,0
tyrone mings,Centre-Back,25,19/20,bournemouth,aston villa,5000000,22300000,0.2142,0.2386,15,1293,14.4,0.818181818,3.897911833,40.71925754,0.417633411,0.022123894,1348.816705,3.480278422,0,4,3,-1,1
dominik kohr,Centre-Back,,19/20,leverkusen,frankfurt,4000000,8500000,0,0.735423333,,1941,,0.803811,89.24137931,1094.03978,7.327898541,0.020988887,27255.96389,68.68356562,1,1,3,2,1
reece oxford,Centre-Back,19,19/20,west ham,augsburg,4000000,2000000,0.309669584,0.483,8,505,5.6,0.869565217,2.851485149,43.30693069,0.356435644,0.015317287,1348.574257,4.455445545,0,3,3,0,1
gary cahill,Centre-Back,,19/20,chelsea,crystal palace,8000000,0,0,0.735423333,,1941,,0.803811,89.24137931,1094.03978,7.327898541,0.020988887,27255.96389,68.68356562,1,1,3,2,1
diego carlos,Centre-Back,25,19/20,nantes,sevilla fc,13000000,15000000,0,0,35,3148,35,0.777777778,4.517153748,39.93964422,0.628970775,0.023737754,1124.656925,3.430749682,0,3,2,-1,1
marco sala,Full-Back,,19/20,inter,sassuolo,300000,3000000,0,0,,1458,,0.774696781,117.7192996,688.4378123,57.19141808,0.044381728,13967.0164,40.38812155,1,1,3,2,0
marcos llorente,Full-Back,,19/20,real madrid,atlético,20000000,30000000,0,0,,1458,,0.774696781,117.7192996,688.4378123,57.19141808,0.044381728,13967.0164,40.38812155,1,1,1,0,1
diego godín,Centre-Back,32,19/20,atlético,inter,20000000,0,0,0,30,2509,27.9,0.773195876,2.582702272,30.27500996,0.179354324,0.029831388,835.5400558,4.053407732,0,1,1,0,1
ola aina,Full-Back,21,19/20,chelsea,torino,10000000,9800000,0.209730364,0.2914,30,2160,24,0.806451613,6.625,35.875,3,0.054231228,814.9583333,3.208333333,0,1,3,2,1
david luiz,Centre-Back,31,19/20,chelsea,arsenal,20000000,8700000,0,0,36,3238,36,0.868421053,8.366275479,64.40086473,0.945027795,0.011383538,1783.378629,3.140827671,0,1,1,0,0
martin hinteregger,Centre-Back,25,19/20,augsburg,frankfurt,16000000,9000000,0,0,32,2717,30.2,0.820512821,4.538093485,35.54287817,0.761869709,0.025011579,1035.447184,5.465587045,0,3,3,0,1
martín cáceres,Centre-Back,31,19/20,lazio,fiorentina,1500000,0,0.368145029,0.1818,13,935,10.4,0.6,6.256684492,53.71122995,0.096256684,0.014995314,1207.347594,2.117647059,0,2,3,1,0
marvin zeegelaar,Full-Back,27,19/20,watford,udinese,1500000,2000000,0,0.2614,12,956,10.6,0.85106383,2.824267782,29.93723849,1.412133891,0.060869565,553.7447699,3.765690377,0,5,3,-2,0
jules koundé,Full-Back,19,19/20,g. bordeaux,sevilla fc,15000000,35000000,0,0,37,3330,37,0.826530612,4.891891892,43.62162162,0.540540541,0.017654477,1160,3.972972973,0,3,2,-1,1
ashley young,Full-Back,33,19/20,man utd,inter,4000000,1700000,0,0,30,2569,28.5,0.813084112,7.917477618,47.96029583,3.223043986,0.031346749,1173.643441,1.821720514,0,1,1,0,1
romain perraud,Full-Back,20,19/20,nice,brest,1500000,2000000,0,0,,2349,,0.796736682,152.3969849,957.8446602,56.88991302,0.044318472,20094.96433,62.54692056,1,3,4,1,0
ronaël pierre-gabriel,Full-Back,20,19/20,monaco,mainz,4000000,5500000,0,0,,1843,,0.779207072,99.73156682,912.5084972,20.26275959,0.023919562,21883.91257,54.21455925,1,2,3,1,0
matt targett,Full-Back,22,19/20,southampton,aston villa,7000000,15500000,0.195217544,0.2557,16,1186,13.2,0.851851852,5.84317032,33.61720067,4.097807757,0.022974607,812.7318718,2.731871838,0,4,3,-1,1
matteo darmian,Full-Back,,19/20,man utd,parma,10000000,2480000,0,0,,1458,,0.774696781,117.7192996,688.4378123,57.19141808,0.044381728,13967.0164,40.38812155,1,1,4,3,0
junior firpo,Full-Back,21,19/20,real betis,barcelona,25000000,20000000,0,0,24,1937,21.5,0.786885246,7.248322148,42.46773361,2.6484254,0.039171796,816.7372225,2.741352607,0,3,1,-2,0
stanley nsoki,Centre-Back,,19/20,paris sg,nice,8500000,12500000,0,0.735423333,,1941,,0.803811,89.24137931,1094.03978,7.327898541,0.020988887,27255.96389,68.68356562,1,1,3,2,1
joão cancelo,Full-Back,24,19/20,juventus,man city,55000000,65000000,0,0,25,1968,21.9,0.74137931,11.52439024,57.21036585,5.442073171,0.033232628,1216.966463,2.240853659,0,1,1,0,1
mats hummels,Centre-Back,29,19/20,bayern munich,dortmund,35000000,30500000,0,0,21,1775,19.7,0.85,7.96056338,78.9971831,1.216901408,0.006772773,2090.332394,5.121126761,0,1,1,0,1
arthur zagré,Full-Back,,19/20,paris sg,monaco,2000000,10000000,0,0,,1458,,0.774696781,117.7192996,688.4378123,57.19141808,0.044381728,13967.0164,40.38812155,1,1,2,1,0
theo hernández,Full-Back,20,19/20,real madrid,ac milan,15000000,22800000,0,0,24,1976,22,0.75862069,7.241902834,42.67712551,2.687246964,0.049712193,821.0222672,2.505060729,0,1,1,0,1
biagio meccariello,Centre-Back,27,19/20,brescia,lecce,600000,100000,0,0,33,2850,31.7,0.886956522,3.284210526,44.81052632,0.473684211,0.027315914,1236.884211,2.778947368,0,5,5,0,0
danilo,Centre-Back,27,19/20,man city,juventus,20000000,37000000,0,0,11,807,9,0.885714286,10.81784387,84.98141264,1.784386617,0.016842105,1627.472119,3.791821561,0,1,1,0,1
ruben aguilar,Full-Back,25,19/20,montpellier,monaco,8000000,8000000,0,0,29,2528,28.1,0.704,7.58306962,46.81566456,4.414556962,0.045324622,1001.000791,2.8125,0,3,2,-1,1
guillermo maripán,Centre-Back,24,19/20,alavés,monaco,15000000,18000000,0,0,23,2008,22.3,0.76744186,2.599601594,23.88944223,0.224103586,0.025104603,787.0966135,5.423306773,0,4,2,-2,1
harry maguire,Centre-Back,25,19/20,leicester,man utd,50000000,87000000,0,0,31,2596,28.8,0.791044776,8.42449923,51.96841294,0.797380586,0.01773399,1505.766564,4.68027735,0,3,1,-2,1
merih demiral,Centre-Back,20,19/20,sassuolo,juventus,15000000,19500000,0,0,14,1260,14,0.813953488,4,44.21428571,0.285714286,0.023668639,1097.428571,5,0,3,1,-2,1
stephan lichtsteiner,Full-Back,34,19/20,arsenal,augsburg,1500000,0,0,0,14,938,10.4,0.75,5.373134328,43.27292111,1.0554371,0.045618247,873.901919,2.878464819,0,1,3,2,0
joachim andersen,Centre-Back,22,19/20,sampdoria,lyon,25000000,24000000,0,0,32,2880,32,0.826666667,5.59375,56.375,0.4375,0.014345487,1535.34375,3.15625,0,3,1,-2,0
nico schulz,Full-Back,25,19/20,hoffenheim,dortmund,25000000,25500000,0,0,30,2537,28.2,0.75862069,9.542767048,41.50571541,6.066219945,0.040416166,910.2167915,1.028774143,0,3,1,-2,0
jeison murillo,Centre-Back,26,19/20,valencia,sampdoria,8000000,13300000,0,0,,2327,,0.781407158,115.7156685,1120.407407,14.70843902,0.022034565,30357.07651,86.9858303,1,3,3,0,0
cristian ansaldi,Full-Back,31,19/20,inter,torino,5000000,2500000,0.538650967,0.3068,24,1807,20.1,0.630769231,9.413392363,28.58882125,6.026563365,0.073835125,768.3619258,1.444382955,0,1,3,2,1
cristian romero,Centre-Back,20,19/20,genoa,juventus,15000000,31500000,0,0,27,2336,26,0.734693878,1.733732877,25.42808219,0.192636986,0.04812398,696.8450342,3.66010274,0,4,1,-3,0
cristian zapata,Centre-Back,,19/20,ac milan,genoa,2000000,0,0,0.735423333,,1941,,0.803811,89.24137931,1094.03978,7.327898541,0.020988887,27255.96389,68.68356562,1,1,4,3,0
rúben vezo,Centre-Back,24,19/20,valencia,levante,6000000,5000000,0.205968421,0.3255,19,1535,17.1,0.795918367,3.2247557,28.31921824,0.469055375,0.035955056,803.7263844,2.814332248,0,3,4,1,1
salva ruiz,Full-Back,,19/20,rcd mallorca,valencia,400000,0,0,0,,1591,,0.716268072,97.31550381,455.4019488,44.93835827,0.070296014,11726.62094,36.67057837,1,4,3,-1,0
sam byram,Full-Back,25,19/20,west ham,norwich,3500000,830000,0,0,,2270.5,,0.775666641,170.1049861,1070.052552,85.65443231,0.041629723,24398.21502,57.81272853,1,3,5,2,0
bruno gonzález,Centre-Back,28,19/20,getafe,levante,1500000,0,0,0,23,1701,18.9,0.711111111,1.746031746,19.31216931,0.423280423,0.049099836,585.4497354,3.227513228,0,3,4,1,0
molla wagué,Centre-Back,27,19/20,udinese,nantes,1000000,1200000,0,0,,2327,,0.781407158,115.7156685,1120.407407,14.70843902,0.022034565,30357.07651,86.9858303,1,3,3,0,0
sebastien de maio,Centre-Back,31,19/20,bologna,udinese,1000000,1500000,0,0.3068,22,1664,18.5,0.827586207,3.028846154,28.71995192,0.703125,0.022267206,776.8990385,2.974759615,0,3,3,0,0
ferland mendy,Full-Back,23,19/20,lyon,real madrid,30000000,48000000,0,0,30,2531,28.1,0.794871795,9.743184512,58.17463453,3.342552351,0.030636526,1165.555117,2.631371,0,1,1,0,1
raúl albiol,Centre-Back,32,19/20,napoli,villarreal,5000000,4000000,0,0,20,1713,19,0.777777778,4.465849387,53.01225919,0.525394046,0.009719222,1596.094571,2.837127846,0,1,2,1,1
william saliba,Centre-Back,17,19/20,saint-étienne,arsenal,12000000,30000000,0,0,16,1277,14.2,0.8,1.973375098,40.1018011,0.281910728,0.02994012,1001.276429,3.382928739,0,3,1,-2,1
alex ferrari,Centre-Back,23,19/20,bologna,sampdoria,1500000,3600000,0,0,,2228,,0.768768769,97.21895332,1158.333616,13.12405484,0.019269122,32364.48264,79.37967255,1,3,3,0,0
lucas hernández,Full-Back,22,19/20,atlético,bayern munich,70000000,80000000,0,0,14,1117,12.4,0.795918367,4.431512981,36.09668756,1.289167413,0.026806527,785.5863921,3.706356312,0,1,1,0,1
luca rossettini,Centre-Back,33,19/20,genoa,lecce,500000,500000,0.055347368,0.4903,21,1823,20.3,0.852459016,1.629182666,33.91662095,0.246845858,0.016299919,993.1102578,2.715304443,0,4,5,1,0
luca pellegrini,Full-Back,19,19/20,roma,juventus,5000000,22800000,0.512232281,0.233,16,1101,12.2,0.82,6.049046322,35.3133515,3.433242507,0.05355064,827.9019074,2.615803815,0,1,1,0,0
luca itter,Centre-Back,,19/20,wolfsburg,freiburg,2000000,2500000,0,0,,1293,,0.827020202,65.94861793,650.5480663,5.589666131,0.02222724,17722.52489,46.96057539,1,3,3,0,0
abdou diallo,Centre-Back,22,19/20,dortmund,paris sg,35000000,32000000,0,0,28,2379,26.4,0.741935484,6.469104666,65.44766709,1.210592686,0.01973884,1658.247163,2.610340479,0,1,1,0,0
lorenzo de silvestri,Full-Back,31,20/21,torino,bologna,2500000,0,0,0,29,2243,24.9,0.794117647,5.256353099,28.0071333,2.407489969,0.053755523,609.0949621,2.688363798,0,3,3,0,0
lorenzo tonelli,Centre-Back,29,20/21,napoli,sampdoria,2400000,2000000,0.456201704,0.3198,9,702,7.8,0.764705882,4.487179487,39.1025641,0.256410256,0.030612245,1147.948718,2.820512821,0,1,3,2,0
aleksandar kolarov,Full-Back,33,20/21,roma,inter,5000000,1500000,0,0,32,2732,30.4,0.867647059,6.489751098,47.60248902,4.249633968,0.023125699,1179.026354,2.306002928,0,1,1,0,1
luca marrone,Centre-Back,29,20/21,hellas verona,crotone,750000,1000000,0.10171607,0.3198,31,2575,28.6,0.837837838,4.648543689,66.26796117,0.66407767,0.015341702,1955.883495,2.481553398,0,4,5,1,0
emre can,Centre-Back,25,20/21,juventus,dortmund,24000000,25000000,0.291527984,0.1136,12,955,10.6,0.815789474,6.785340314,59.93717277,0.565445026,0.029671211,1356.596859,2.45026178,0,1,1,0,1
pol lirola,Full-Back,21,20/21,sassuolo,fiorentina,10000000,11000000,0.066521053,0.1778,35,2648,29.4,0.766666667,6.865558912,32.49244713,3.160876133,0.034243176,711.2311178,1.155589124,0,3,3,0,1
achraf hakimi,Full-Back,20,20/21,real madrid,inter,54000000,43000000,0.152492982,0.0568,33,2715,30.2,0.788888889,10.83977901,67.16022099,4.17679558,0.031914894,1197.21547,1.856353591,0,1,1,0,1
maya yoshida,Centre-Back,30,20/21,southampton,sampdoria,3800000,0,0.101164912,0.3068,22,1747,19.4,0.906976744,1.545506583,36.16485404,0.309101317,0.021193093,1007.618775,2.215226102,0,4,3,-1,1
mohammed salisu,Centre-Back,20,20/21,real valladolid,southampton,12000000,12000000,0,0,31,2725,30.3,0.776315789,2.113761468,29.5266055,0.165137615,0.026394721,811.9155963,3.335779817,0,5,4,-1,0
javi sánchez,Centre-Back,22,20/21,real madrid,real valladolid,1200000,3000000,0,0,8,497,5.5,0.888888889,1.629778672,28.06841046,0.181086519,0.023026316,774.3259557,2.535211268,0,1,5,4,0
jawad el yamiq,Centre-Back,27,20/21,genoa,real valladolid,800000,250000,0,0,,1986.5,,0.807956513,87.24413317,1201.009871,11.37515315,0.01141459,32823.23893,79.68738359,1,4,5,1,1
jean-charles castelletto,Centre-Back,24,20/21,brest,nantes,2400000,0,0,0,22,1838,20.4,0.823529412,3.623503808,41.91512514,0.489662677,0.023884349,1143.705114,3.476605005,0,4,3,-1,0
bruno gonzález,Centre-Back,29,20/21,levante,real valladolid,1200000,0,0,0,8,636,7.1,0.8,2.830188679,33.39622642,0,0.026128266,942.3113208,2.830188679,0,4,5,1,0
caio henrique,Full-Back,22,20/21,atlético,monaco,1200000,8000000,0,0,,1624.5,,0.735418356,118.4508266,894.8193935,53.37434768,0.031240588,20775.931,48.32473658,1,1,2,1,0
christophe hérelle,Centre-Back,26,20/21,nice,brest,5500000,4000000,0,0,15,1103,12.3,0.903225806,7.180417044,65.60290118,0.571169538,0.0168185,1676.953762,2.121486854,0,3,4,1,1
nayef aguerd,Centre-Back,23,20/21,dijon,rennes jugend,4000000,4000000,0,0,11,957,10.6,0.870967742,2.539184953,46.26959248,0,0.022962113,1428.62069,4.890282132,0,5,2,-3,1
chris smalling,Centre-Back,29,20/21,man utd,roma,20000000,15000000,0,0,30,2566,28.5,0.888888889,3.226812159,45.87685113,0.420888542,0.01986755,1164.212783,3.858144973,0,1,1,0,1
sergio reguilón,Full-Back,22,20/21,real madrid,tottenham,25000000,30000000,0.187108258,0.142,31,2509,27.9,0.7,8.931845357,50.90075727,4.62734157,0.046437434,1091.837385,2.439218812,0,1,2,1,0
shkodran mustafi,Centre-Back,27,20/21,arsenal,fc schalke 04,12000000,0,0,0,15,1207,13.4,0.8,5.070422535,51.67357084,0.372825186,0.013669065,1450.737365,5.592377796,0,1,3,2,0
simon kjaer,Centre-Back,30,20/21,sevilla fc,ac milan,7000000,3680000,1.447937718,1.500401389,,1697.5,,0.793777939,63.3691892,998.5828257,5.236746168,0.013321546,28467.79635,57.90360928,1,2,1,-1,1
cédric soares,Full-Back,27,20/21,southampton,arsenal,8000000,0,0.576544737,0.1721,21,1555,17.3,0.72,5.382636656,35.24758842,2.720257235,0.042628774,768.2700965,3.009646302,0,4,1,-3,0
nathan ferguson,Centre-Back,18,20/21,west brom,crystal palace,4000000,0,0,0,21,1746,19.4,0.782608696,7.680412371,48.19587629,1.237113402,0.042363434,1159.072165,3.556701031,0,4,3,-1,0
nathaniel clyne,Full-Back,,20/21,liverpool,crystal palace,8000000,0,0,0,,1458,,0.774696781,117.7192996,688.4378123,57.19141808,0.044381728,13967.0164,40.38812155,1,1,3,2,0
bouna sarr,Full-Back,27,20/21,marseille,bayern munich,9000000,8000000,0,0,27,2164,24,0.75,8.151571165,45.41589649,2.578558226,0.045628998,779.3484288,3.243992606,0,1,1,0,1
mattia bani,Centre-Back,25,20/21,bologna,genoa,3200000,5000000,0,0,27,2207,24.5,0.808080808,3.180788401,38.16946081,0.203896692,0.033888889,1057.652923,5.178975986,0,3,4,1,0
jonathan clauss,Full-Back,26,20/21,arm. bielefeld,lens,1200000,0,0,0,,1843,,0.779207072,99.73156682,912.5084972,20.26275959,0.023919562,21883.91257,54.21455925,1,,5,,1
souleyman doumbia,Full-Back,23,20/21,rennes jugend,angers,1600000,3000000,0,0,,1491,,0.741903369,101.8340255,781.1537261,45.36701585,0.033838968,15719.31397,41.84265496,1,2,4,2,0
mateo musacchio,Centre-Back,28,20/21,ac milan,lazio,4500000,0,0,0,18,1466,16.3,0.810810811,5.095497954,54.94542974,1.043656207,0.017396184,1392.421555,2.517053206,0,1,2,1,1
ben chilwell,Full-Back,22,20/21,leicester,chelsea,40000000,50200000,0,0,27,2373,26.4,0.76056338,8.912768647,58.55878635,3.109987358,0.032127261,1175.309735,3.072060683,0,3,1,-2,1
tanguy nianzou,Centre-Back,17,20/21,paris sg,bayern munich,11000000,0,0,0.735423333,,1941,,0.803811,89.24137931,1094.03978,7.327898541,0.020988887,27255.96389,68.68356562,1,1,1,0,0
thiago silva,Centre-Back,34,20/21,paris sg,chelsea,4800000,0,0,0,21,1571,17.5,0.777777778,6.244430299,82.15149586,0.343730108,0.006344171,2131.298536,2.635264163,0,1,1,0,1
nélson semedo,Full-Back,25,20/21,barcelona,wolves,40000000,32000000,0,0,32,2097,23.3,0.712328767,7.296137339,63.0472103,2.145922747,0.028721541,1040.472103,1.802575107,0,1,4,3,1
giuseppe pezzella,Full-Back,21,20/21,udinese,parma,3500000,5750000,0.129208772,0.3837,23,1029,11.4,0.703703704,5.860058309,34.11078717,1.574344023,0.045510455,758.8338192,1.924198251,0,3,4,1,1
matt doherty,Full-Back,27,20/21,wolves,tottenham,16000000,16800000,0,0,36,2839,31.5,0.726315789,7.386403663,44.12821416,1.965480803,0.035284994,895.5301162,5.103909827,0,4,2,-2,1
martín montoya,Full-Back,28,20/21,brighton,real betis,6500000,0,0,0,27,1896,21.1,0.654320988,7.025316456,47.08860759,3.465189873,0.038939968,1013.259494,2.373417722,0,3,3,0,0
marçal,Full-Back,,20/21,lyon,wolves,2400000,2000000,0,0,,1458,,0.774696781,117.7192996,688.4378123,57.19141808,0.044381728,13967.0164,40.38812155,1,1,4,3,0
gianluca mancini,Centre-Back,23,20/21,atalanta,roma,22000000,24000000,0.059921053,0.2873,32,2740,30.4,0.788990826,4.368613139,48.58029197,0.722627737,0.03183315,1278.788321,3.284671533,0,2,1,-1,1
robin knoche,Centre-Back,27,20/21,wolfsburg,union berlin,6500000,0,0,0,21,1594,17.7,0.732142857,6.323713927,45.56461731,0.508155583,0.012273902,1286.706399,3.218318695,0,3,5,2,1
robin koch,Centre-Back,23,20/21,freiburg,leeds united,17000000,13000000,0,0,32,2705,30.1,0.82278481,3.959334566,42.1219963,0.998151571,0.023303352,1269.515712,4.458410351,0,3,5,2,1
thomas meunier,Full-Back,27,20/21,paris sg,dortmund,24000000,0,0,0,16,1242,13.8,0.866666667,8.043478261,55.65217391,3.985507246,0.024425287,1119.275362,2.753623188,0,1,1,0,1
kamil glik,Centre-Back,31,20/21,monaco,benevento,3500000,3000000,0,0,23,2070,23,0.773584906,1.826086957,43.2173913,0.130434783,0.015100671,1170.304348,3.217391304,0,2,5,3,0
karim rekik,Centre-Back,24,20/21,hertha bsc,sevilla fc,8500000,2000000,0,0,14,1260,14,0.823529412,4.285714286,44.71428571,0.285714286,0.015584416,1195.428571,2.357142857,0,3,2,-1,1
timothy fosu-mensah,Full-Back,,20/21,man utd,leverkusen,4000000,1700000,0,0,,1458,,0.774696781,117.7192996,688.4378123,57.19141808,0.044381728,13967.0164,40.38812155,1,1,1,0,0
marc cucurella,Full-Back,21,20/21,barcelona,getafe,18000000,11800000,0,0.3157,37,3237,36,0.790909091,5.977757183,25.46802595,3.75347544,0.093812375,559.2956441,2.835959222,0,1,3,2,1
kenny tete,Full-Back,23,20/21,lyon,fulham,5500000,3200000,0,0,18,1072,11.9,0.769230769,8.815298507,57.08955224,3.526119403,0.02490566,1217.266791,2.60261194,0,1,4,3,1
tommaso augello,Full-Back,24,20/21,spezia,sampdoria,1200000,1500000,0,0,17,1135,12.6,0.827586207,9.515418502,50.11453744,4.678414097,0.024939662,1132.731278,1.744493392,0,5,3,-2,0
filippo romagna,Centre-Back,22,20/21,cagliari,sassuolo,4500000,4000000,0.741868421,0.2045,18,1477,16.4,0.941176471,2.071767095,59.65470548,0.182802979,0.005202312,1308.930264,1.949898443,0,4,3,-1,1
gabriel magalhães,Centre-Back,21,20/21,lille,arsenal,20000000,26000000,0.074047368,0.3198,24,2087,23.2,0.80952381,5.692381409,53.30138955,0.215620508,0.015209125,1417.273598,4.743651174,0,2,1,-1,1
timothy castagne,Full-Back,23,20/21,atalanta,leicester,18000000,20900000,0,0,27,1769,19.7,0.770833333,5.545505936,48.12888638,3.25607688,0.028214867,873.442623,2.391181458,0,2,3,1,1
malang sarr,Centre-Back,20,20/21,nice,chelsea,16000000,0,0,0,19,1454,16.2,0.859649123,6.623108666,65.79779917,0.433287483,0.013185654,1779.449794,1.485557084,0,3,1,-2,0
koray günter,Centre-Back,24,20/21,genoa,hellas verona,4500000,2400000,0.130863158,0.3011,32,2733,30.4,0.85106383,3.062568606,38.79253568,0.230515917,0.029326923,1031.196487,3.787047201,0,4,4,0,0
diego godín,Centre-Back,33,20/21,inter,cagliari,5000000,0,0,0,23,1628,18.1,0.891566265,7.352579853,52.13144963,1.547911548,0.027463651,1312.13145,4.80958231,0,1,4,3,1
diego llorente,Centre-Back,25,20/21,real sociedad,leeds united,20000000,20000000,0,0,29,2327,25.9,0.724137931,4.641168887,55.19123335,0.232058444,0.01663586,1429.789428,3.248818221,0,3,5,2,0
kyle walker-peters,Full-Back,22,20/21,tottenham,southampton,8000000,13300000,0.232736842,0.267,13,944,10.5,0.789473684,6.483050847,49.67161017,2.383474576,0.029296875,933.845339,2.002118644,0,2,4,2,1
pascal stenzel,Full-Back,23,20/21,freiburg,stuttgart,2400000,1300000,0,0,,2373,,0.763861606,153.9825315,1020.710325,64.89520306,0.036735172,23036.42096,59.09400743,1,3,3,0,0
patrick burner,Full-Back,23,20/21,nice,nîmes,3200000,1500000,0,0,20,1434,15.9,0.846153846,7.594142259,59.05857741,1.506276151,0.017000607,1285.230126,2.071129707,0,3,5,2,0
ricardo rodríguez,Full-Back,27,20/21,ac milan,torino,3500000,1950000,0,0,,1242,,0.742306456,94.83597285,626.7393715,42.11451759,0.026763521,13255.25665,28.98681954,1,1,3,2,1
ridle baku,Full-Back,21,20/21,mainz,wolfsburg,7000000,10000000,0,0,30,2351,26.1,0.760416667,5.780518928,31.65886857,3.253934496,0.05334082,751.1994896,2.335176521,0,3,3,0,1
felix uduokhai,Centre-Back,21,20/21,wolfsburg,augsburg,6800000,7000000,0,0,,1293,,0.827020202,65.94861793,650.5480663,5.589666131,0.02222724,17722.52489,46.96057539,1,3,3,0,1
raúl carnero,Full-Back,30,20/21,getafe,real valladolid,800000,200000,0,0,,1775,,0.765771192,125.3234714,864.3478261,44.24531025,0.026677353,20371.51876,34.36909504,1,3,5,2,0
wesley fofana,Centre-Back,18,20/21,saint-étienne,leicester,10000000,35000000,0,0,14,1215,13.5,0.836065574,4.666666667,39.7037037,0.148148148,0.029135338,927.8518519,5.703703704,0,3,3,0,1
alessandro tripaldelli,Full-Back,20,20/21,sassuolo,cagliari,450000,3000000,0,0,,2349,,0.796736682,152.3969849,957.8446602,56.88991302,0.044318472,20094.96433,62.54692056,1,3,4,1,0
adrián marín,Full-Back,22,20/21,alavés,granada,1000000,0,0,0,12,852,9.5,0.8,4.330985915,25.88028169,1.373239437,0.07444668,622.8169014,2.535211268,0,4,4,0,0
ömer toprak,Centre-Back,30,20/21,dortmund,werder bremen,3500000,4000000,0.753800853,0.418,10,715,7.9,0.736842105,5.79020979,53.24475524,0.881118881,0.024475524,1311.104895,3.020979021,0,1,3,2,0
álvaro gonzález,Centre-Back,29,20/21,villarreal,marseille,6500000,4000000,0.153536842,0.3555,20,1628,18.1,0.837837838,2.874692875,41.84889435,0.331695332,0.011863224,1074.140049,2.653562654,0,2,1,-1,0
achraf hakimi,Full-Back,21,21/22,inter,paris sg,60000000,68000000,0,0,37,2665,29.6,0.72,7.125703565,42.315197,4.998123827,0.043106954,798.1125704,1.621013133,0,1,1,0,1
erik palmer-brown,Centre-Back,,21/22,man city,troyes,1500000,0,0,0.735423333,,1941,,0.803811,89.24137931,1094.03978,7.327898541,0.020988887,27255.96389,68.68356562,1,1,5,4,0
petko hristov,Centre-Back,21,21/22,fiorentina,spezia,450000,0,0,0,,1293,,0.827020202,65.94861793,650.5480663,5.589666131,0.02222724,17722.52489,46.96057539,1,3,5,2,0
emerson royal,Full-Back,,21/22,real betis,barcelona,25000000,14000000,0,0,,2349,,0.796736682,152.3969849,957.8446602,56.88991302,0.044318472,20094.96433,62.54692056,1,3,1,-2,0
emerson royal,Full-Back,,21/22,barcelona,tottenham,25000000,25000000,0,0,,1458,,0.774696781,117.7192996,688.4378123,57.19141808,0.044381728,13967.0164,40.38812155,1,1,2,1,0
leonardo balerdi,Centre-Back,21,21/22,dortmund,marseille,8000000,11000000,0,0.2646,21,1634,18.2,0.807017544,3.249694002,50.72827417,0.165238678,0.031410623,1263.80049,2.919216646,0,1,1,0,1
anderson lucoqui,Full-Back,23,21/22,arm. bielefeld,mainz,1000000,0,0,0,21,1604,17.8,0.776119403,3.534912718,26.48379052,0.841645885,0.081808396,649.0773067,2.805486284,0,,3,,0
lyanco,Centre-Back,23,21/22,torino,southampton,5000000,7500000,0.325672415,0.3157,23,1959,21.8,0.895522388,3.905053599,49.5712098,0.551301685,0.017822736,1402.741194,2.297090352,0,3,4,1,1
elseid hysaj,Full-Back,26,21/22,napoli,lazio,13000000,0,0,0,24,1768,19.6,0.796610169,6.872171946,52.38122172,1.679864253,0.023023023,1046.86086,1.781674208,0,1,2,1,0
federico ceccherini,Centre-Back,28,21/22,fiorentina,hellas verona,3500000,3000000,0.119888421,0.3352,28,2008,22.3,0.895522388,4.033864542,37.29083665,0.403386454,0.047199497,896.0109562,3.989043825,0,3,4,1,0
kevin danso,Centre-Back,21,21/22,augsburg,lens,5000000,8000000,0,0,,1293,,0.827020202,65.94861793,650.5480663,5.589666131,0.02222724,17722.52489,46.96057539,1,3,5,2,1
kurt zouma,Centre-Back,25,21/22,chelsea,west ham,32000000,35000000,0.090894737,0.2403,24,2029,22.5,0.863636364,3.90340069,71.68063085,0.266140956,0.009383378,1744.953179,4.169541646,0,1,3,2,0
mamadou sakho,Centre-Back,,21/22,crystal palace,montpellier,6000000,0,0,0,,1293,,0.827020202,65.94861793,650.5480663,5.589666131,0.02222724,17722.52489,46.96057539,1,3,3,0,0
andrea conti,Full-Back,26,21/22,ac milan,sampdoria,2500000,0,0,0,14,837,9.3,0.717948718,7.311827957,42.3655914,2.688172043,0.039671683,1029.677419,1.935483871,0,1,3,2,0
edoardo goldaniga,Centre-Back,26,21/22,sassuolo,cagliari,1500000,1100000,0.080936842,0.3795,25,1857,20.6,0.848484848,4.313408724,31.453958,1.453957997,0.033257748,826.8659128,2.084006462,0,3,4,1,0
rayan aït-nouri,Full-Back,19,21/22,angers,wolves,18000000,11100000,0.337113046,0.233,24,1591,17.7,0.725490196,6.731615336,44.91514771,3.280955374,0.046717172,837.7184161,1.357636706,0,4,4,0,1
filip benkovic,Centre-Back,23,21/22,leicester,udinese,2000000,0,0,0,,2228,,0.768768769,97.21895332,1158.333616,13.12405484,0.019269122,32364.48264,79.37967255,1,3,3,0,0
fikayo tomori,Centre-Back,22,21/22,chelsea,ac milan,28000000,35300000,0,0,18,1511,16.8,0.78,2.680344143,49.91396426,0,0.017321785,1280.132363,2.918596956,0,1,1,0,1
angeliño,Full-Back,23,21/22,man city,leipzig,35000000,18000000,0,0,26,2161,24,0.803278689,5.830633966,44.02128644,6.205460435,0.029828851,968.6765386,1.29106895,0,1,1,0,1
kieran trippier,Full-Back,29,21/22,atlético,newcastle,18000000,14000000,0,0,28,2475,27.5,0.782178218,7.709090909,51.12727273,3.890909091,0.02301496,1146.327273,2.872727273,0,1,3,2,1
federico fazio,Centre-Back,,21/22,roma,salernitana,500000,0,0,0.735423333,,1941,,0.803811,89.24137931,1094.03978,7.327898541,0.020988887,27255.96389,68.68356562,1,1,5,4,0
raphaël varane,Centre-Back,27,21/22,real madrid,man utd,70000000,40000000,0,0,31,2715,30.2,0.862068966,4.17679558,52.74033149,0.232044199,0.013368984,1411.790055,2.883977901,0,1,1,0,0
dominique heintz,Centre-Back,26,21/22,freiburg,union berlin,3000000,150000,0,0,21,1369,15.2,0.807017544,5.850986121,54.76260044,0.525931337,0.017586416,1585.68298,2.300949598,0,3,5,2,0
panagiotis retsos,Centre-Back,21,21/22,leverkusen,hellas verona,3500000,0,0,0.735423333,,1941,,0.803811,89.24137931,1094.03978,7.327898541,0.020988887,27255.96389,68.68356562,1,1,4,3,0
marc oliver kempf,Centre-Back,,21/22,stuttgart,hertha bsc,7000000,500000,0,0,,1293,,0.827020202,65.94861793,650.5480663,5.589666131,0.02222724,17722.52489,46.96057539,1,3,3,0,1
marc guéhi,Centre-Back,20,21/22,chelsea,crystal palace,10000000,23340000,0.186363158,0.414,40,3547,39.4,0.847328244,4.541866366,38.1618269,0.634338878,0.022367515,1039.732168,4.41499859,0,1,3,2,1
marc cucurella,Full-Back,21,21/22,getafe,brighton,20000000,18000000,0,0,,2349,,0.796736682,152.3969849,957.8446602,56.88991302,0.044318472,20094.96433,62.54692056,1,3,3,0,1
marash kumbulla,Centre-Back,20,21/22,hellas verona,roma,25000000,26500000,0.381794737,0.0568,21,1363,15.1,0.875,3.433602348,46.28760088,0.264123258,0.028682171,1066.19956,2.443140132,0,4,1,-3,0
dimitri foulquier,Full-Back,27,21/22,granada,valencia,3500000,2500000,0.221042105,0.3864,32,2663,29.6,0.770491803,3.785204656,27.61171611,1.047690575,0.065073041,635.9819752,1.385655276,0,4,3,-1,0
fodé ballo-touré,Full-Back,23,21/22,monaco,ac milan,6500000,5400000,0,0,24,662,7.4,0.851851852,7.341389728,47.44712991,4.350453172,0.034901366,940.1057402,3.942598187,0,2,1,-1,0
florian lejeune,Centre-Back,29,21/22,newcastle,alavés,4500000,4910000,0,0,34,3015,33.5,0.882978723,2.119402985,33.73134328,0.328358209,0.02306968,1079.641791,3.820895522,0,3,4,1,0
juan jesus,Centre-Back,,21/22,roma,napoli,2000000,0,0,0.735423333,,1941,,0.803811,89.24137931,1094.03978,7.327898541,0.020988887,27255.96389,68.68356562,1,1,1,0,1
juan foyth,Centre-Back,22,21/22,tottenham,villarreal,12000000,15000000,0.744068559,0.142,16,1168,13,0.694915254,5.470890411,49.46917808,0.924657534,0.032450897,1085.547945,3.929794521,0,2,2,0,1
junior firpo,Full-Back,23,21/22,barcelona,leeds united,8000000,15000000,0,0,,1624.5,,0.735418356,118.4508266,894.8193935,53.37434768,0.031240588,20775.931,48.32473658,1,1,5,4,1
martin erlić,Centre-Back,,21/22,spezia,sassuolo,3000000,3000000,0,0,,1671,,0.684674984,70.29432456,737.8382747,8.248723988,0.024901581,18306.03459,60.12760293,1,5,3,-2,0
dayot upamecano,Centre-Back,21,21/22,leipzig,bayern munich,60000000,42500000,0,0,29,2330,25.9,0.9,6.91416309,75.43776824,0.579399142,0.017946688,2111.291845,4.017167382,0,1,1,0,1
juan miranda,Full-Back,20,21/22,barcelona,real betis,7000000,0,0,0,22,1652,18.4,0.714285714,4.848668281,37.64527845,2.015738499,0.041162228,808.6380145,2.070217918,0,1,3,2,1
aïssa mandi,Centre-Back,28,21/22,real betis,villarreal,8000000,0,0,0,28,2392,26.6,0.808823529,2.52090301,52.18645485,0.18812709,0.011567611,1433.67893,2.182274247,0,3,2,-1,1
martín cáceres,Centre-Back,33,21/22,cagliari,levante,900000,0,0,0,29,2238,24.9,0.619047619,5.227882038,32.89544236,1.327077748,0.027830487,854.7184987,1.487935657,0,4,4,0,0
matteo lovato,Centre-Back,20,21/22,hellas verona,atalanta,7000000,7200000,0,0,24,1386,15.4,0.844827586,2.662337662,31.1038961,0.519480519,0.047565119,783.3116883,2.727272727,0,4,2,-2,1
ashley young,Full-Back,35,21/22,inter,aston villa,1000000,0,0,0,26,1425,15.8,0.619047619,4.610526316,34.23157895,4.042105263,0.02689243,668.5894737,0.631578947,0,1,3,2,1
david raum,Full-Back,22,21/22,greuther fürth,hoffenheim,5000000,0,0,0,,2269.5,,0.764790779,139.2800613,1042.946715,84.24520247,0.033058303,22552.14282,58.26416052,1,5,3,-2,1
david alaba,Centre-Back,28,21/22,bayern munich,real madrid,55000000,0,0,0,32,2675,29.7,0.8,10.02616822,64.90093458,2.321495327,0.013140943,1610.949533,1.345794393,0,1,1,0,1
germán pezzella,Centre-Back,29,21/22,fiorentina,real betis,7500000,3250000,0,0,32,2743,30.5,0.8,1.574917973,32.8107911,0.164053956,0.026344676,887.433467,2.821728035,0,3,3,0,1
danny rose,Full-Back,30,21/22,tottenham,watford,3000000,0,0,0,,1172,,0.82514344,76.0867222,585.3302857,39.85412571,0.028311859,12033.47157,27.93207366,1,2,5,3,1
takehiro tomiyasu,Centre-Back,21,21/22,bologna,arsenal,20000000,18600000,0,0,31,2715,30.2,0.841584158,6.828729282,45.28176796,0.828729282,0.026701768,1120.441989,4.044198895,0,3,1,-2,1
roger ibañez,Centre-Back,,21/22,atalanta,roma,25000000,11800000,0,0,,2087,,0.752988365,84.40755556,1242.924444,5.677366703,0.014812218,32875.99556,74.44466014,1,2,1,-1,1
nikola maksimović,Centre-Back,28,21/22,napoli,genoa,10000000,0,0.337094737,0.3726,17,1207,13.4,0.769230769,3.728251864,66.06462303,0.223695112,0.010088272,1776.213753,3.28086164,0,1,4,3,0
giorgio altare,Centre-Back,21,21/22,genoa,cagliari,175000,1000000,0,0,,1746,,0.790468217,67.77066667,859.808,8.535207184,0.027363041,20615.95598,50.72989304,1,4,4,0,0
giangiacomo magnani,Centre-Back,24,21/22,sassuolo,hellas verona,5000000,4000000,0.462340746,0.4386,25,1510,16.8,0.842857143,2.086092715,27.35761589,0.298013245,0.074162679,712.0728477,5.42384106,0,3,4,1,0
benjamin henrichs,Full-Back,23,21/22,monaco,leipzig,12000000,15000000,0,0,13,540,6,0.75,7.5,43,1.333333333,0.037254902,872,1.5,0,2,1,-1,1
ben white,Full-Back,22,21/22,brighton,arsenal,28000000,58500000,0,0,36,3191,35.5,0.792792793,5.612660608,42.05264807,0.987151363,0.02161235,1029.824506,2.11532435,0,3,1,-2,1
ben gibson,Centre-Back,27,21/22,burnley,norwich,7000000,9300000,0,0,27,2356,26.2,0.961538462,9.320882852,70.02122241,0.764006791,0.005755001,1941.990662,3.132427844,0,4,5,1,1
giulian biancone,Centre-Back,20,21/22,monaco,troyes,1300000,2500000,0,0,,2087,,0.752988365,84.40755556,1242.924444,5.677366703,0.014812218,32875.99556,74.44466014,1,2,5,3,0
joachim andersen,Centre-Back,24,21/22,lyon,crystal palace,22000000,17500000,0.278242105,0.2898,34,2922,32.5,0.814814815,4.034907598,52.7926078,0.492813142,0.019165379,1556.026694,3.757700205,0,1,3,2,1
romain perraud,Full-Back,22,21/22,brest,southampton,8000000,12000000,0,0,36,3140,34.9,0.752380952,6.850318471,45.51592357,3.611464968,0.030618687,1023.363057,1.662420382,0,4,4,0,1
dan burn,Centre-Back,28,21/22,brighton,newcastle,3500000,15000000,0,0,27,2061,22.9,0.703703704,5.283842795,41.65938865,1.397379913,0.039473684,835.5895197,5.283842795,0,3,3,0,1
ryan bertrand,Full-Back,30,21/22,southampton,leicester,8000000,0,0,0,29,2598,28.9,0.688888889,5.092378753,41.08545035,1.662817552,0.029166667,819.8036952,2.390300231,0,4,3,-1,1
hassane kamara,Full-Back,26,21/22,nice,watford,6000000,4000000,0,0,36,2960,32.9,0.783333333,7.692567568,48.07094595,2.97972973,0.029165374,1012.652027,2.280405405,0,3,5,2,1
sergio ramos,Centre-Back,34,21/22,real madrid,paris sg,10000000,0,0,0,15,1275,14.2,0.911764706,8.4,71.92941176,0.494117647,0.011387164,2048.188235,2.964705882,0,1,1,0,1
jetro willems,Centre-Back,26,21/22,frankfurt,greuther fürth,2500000,0,0,0,,2327,,0.781407158,115.7156685,1120.407407,14.70843902,0.022034565,30357.07651,86.9858303,1,3,5,2,0
jeremy toljan,Full-Back,25,21/22,dortmund,sassuolo,5000000,3500000,0.214705263,0.3726,26,1490,16.6,0.735294118,5.979865772,47.77852349,2.77852349,0.038727524,871.9127517,0.966442953,0,1,3,2,0
cristian romero,Centre-Back,22,21/22,juventus,atalanta,35000000,17000000,0.144184211,0.2403,31,2545,28.3,0.805031447,3.430255403,40.1021611,0.565815324,0.045367717,1034.098232,5.092337917,0,1,2,1,1
craig dawson,Centre-Back,30,21/22,watford,west ham,3000000,2300000,0,0,22,1925,21.4,0.930232558,1.916883117,28.56623377,0.093506494,0.018723404,802.6597403,2.992207792,0,5,3,-2,0
jean-clair todibo,Centre-Back,20,21/22,barcelona,nice,12000000,16500000,0.737432385,0.3306,15,1330,14.8,0.772727273,6.090225564,66.9924812,0.609022556,0.017318159,1826.18797,2.77443609,0,1,3,2,1
mert çetin,Centre-Back,23,21/22,roma,hellas verona,2800000,7800000,0,1.830573333,,2148,,0.790452642,89.17957279,1188.424447,10.62739567,0.020397965,31263.25355,87.27213388,1,1,4,3,0
melvin bard,Full-Back,19,21/22,lyon,nice,5000000,3000000,0,0,14,432,4.8,0.777777778,9.791666667,64.375,3.75,0.036006547,1238.75,3.958333333,0,1,3,2,0
sergio escudero,Full-Back,,21/22,sevilla fc,granada,2500000,0,0,0,,1843,,0.779207072,99.73156682,912.5084972,20.26275959,0.023919562,21883.91257,54.21455925,1,2,4,2,0
sergi gómez,Centre-Back,,21/22,sevilla fc,espanyol,3000000,1000000,0,0,,2087,,0.752988365,84.40755556,1242.924444,5.677366703,0.014812218,32875.99556,74.44466014,1,2,3,1,0
jaume costa,Full-Back,32,21/22,villarreal,rcd mallorca,2000000,0,0,0,14,351,3.9,0.75,5.641025641,51.79487179,3.333333333,0.04,1054.615385,2.307692308,0,2,4,2,0
jannik vestergaard,Centre-Back,27,21/22,southampton,leicester,18000000,17600000,0,0,30,2574,28.6,0.793478261,3.356643357,51.60839161,0.699300699,0.013659238,1333.111888,4.51048951,0,4,3,-1,1
miguel llambrich,Full-Back,24,21/22,villarreal,espanyol,1600000,500000,0,0,,1491,,0.741903369,101.8340255,781.1537261,45.36701585,0.033838968,15719.31397,41.84265496,1,2,3,1,0
calum chambers,Centre-Back,,21/22,arsenal,aston villa,12000000,0,0,0.735423333,,1941,,0.803811,89.24137931,1094.03978,7.327898541,0.020988887,27255.96389,68.68356562,1,1,3,2,1
ibrahima konaté,Centre-Back,21,21/22,leipzig,liverpool,35000000,40000000,0,0,14,695,7.7,0.857142857,4.532374101,62.15827338,0,0.024625268,1568.330935,4.273381295,0,1,1,0,1
christopher lenz,Full-Back,25,21/22,union berlin,frankfurt,5000000,0,0,0,27,2248,25,0.697247706,5.604982206,37.5133452,2.482206406,0.038084247,889.9510676,2.882562278,0,5,3,-2,1
samir caetano,Centre-Back,,21/22,udinese,watford,5000000,5000000,0,0,,1293,,0.827020202,65.94861793,650.5480663,5.589666131,0.02222724,17722.52489,46.96057539,1,3,5,2,1
sead kolasinac,Centre-Back,27,21/22,arsenal,marseille,3000000,0,0,0,,1632.5,,0.830297562,97.78995156,1238.412572,8.620875339,0.011484977,29842.70475,59.8498095,1,1,1,0,1
loïc badé,Centre-Back,20,21/22,lens,rennes jugend,12000000,17000000,0,0,,1671,,0.684674984,70.29432456,737.8382747,8.248723988,0.024901581,18306.03459,60.12760293,1,5,2,-3,1
youssouf sabaly,Full-Back,27,21/22,g. bordeaux,real betis,6500000,0,0,0,33,2909,32.3,0.854166667,7.610862839,50.61533173,2.072877277,0.037265068,1007.480234,1.794431076,0,3,3,0,1
eric garcía,Centre-Back,,21/22,man city,barcelona,20000000,0,0,0.735423333,,1941,,0.803811,89.24137931,1094.03978,7.327898541,0.020988887,27255.96389,68.68356562,1,1,1,0,0
enric franquesa,Full-Back,23,21/22,villarreal,levante,800000,375000,0,0,,1491,,0.741903369,101.8340255,781.1537261,45.36701585,0.033838968,15719.31397,41.84265496,1,2,4,2,0
pol lirola,Full-Back,22,21/22,fiorentina,marseille,9000000,13000000,0.034268421,0.3117,31,2051,22.8,0.763888889,6.933203315,36.33349586,3.334958557,0.044705882,752.603608,1.93076548,0,3,1,-2,1
lucas digne,Full-Back,27,21/22,everton,aston villa,30000000,30000000,0,0,30,2681,29.8,0.734042553,5.270421485,41.32413279,3.591943305,0.037505451,914.6363297,4.364043267,0,3,3,0,1
luca netz,Full-Back,17,21/22,hertha bsc,mönchengladbach,5000000,2000000,0,0,11,309,3.4,0.7,6.116504854,36.69902913,2.621359223,0.029962547,723.4951456,3.786407767,0,3,3,0,0
akim zedadka,Full-Back,26,22/23,clermont foot,lille,4000000,0,0,0,38,3337,37.1,0.784615385,6.904405154,45.52592149,4.045549895,0.043491124,921.6841474,1.94186395,0,5,2,-3,0
yan valery,Full-Back,22,22/23,southampton,angers,2500000,2125000,0.063824561,0.3425,5,370,4.1,0.857142857,3.162162162,26.27027027,0.72972973,0.030837004,536.8378378,4.135135135,0,4,4,0,0
alessandro florenzi,Full-Back,30,22/23,roma,ac milan,5500000,3150000,0,0,24,1152,12.8,0.745454545,7.65625,50.46875,3.4375,0.018593371,1234.53125,1.796875,0,1,1,0,1
alessio romagnoli,Centre-Back,26,22/23,ac milan,lazio,17000000,0,0,0,19,1409,15.7,0.76744186,4.918381831,57.04045422,0.383250532,0.012626263,1471.234918,3.832505323,0,1,2,1,1
enzo ebosse,Centre-Back,22,22/23,angers,udinese,2000000,4000000,0,0,27,1890,21,0.725,3.857142857,43.38095238,0.80952381,0.020021645,1074.047619,1.714285714,0,4,3,-1,0
óscar mingueza,Full-Back,22,22/23,barcelona,celta vigo,6000000,0,0,0,19,894,9.9,0.588235294,5.637583893,65.63758389,3.020134228,0.020900322,1368.825503,2.013422819,0,1,3,2,1
issa diop,Centre-Back,24,22/23,west ham,fulham,10000000,17800000,0,0,13,963,10.7,0.882352941,1.682242991,38.03738318,0.093457944,0.010869565,893.7383178,2.242990654,0,3,4,1,1
issiaga sylla,Full-Back,27,22/23,toulouse,montpellier,2000000,0,0,0,,2426,,0.7949924,128.2764726,925.1527169,50.70616437,0.044746686,19469.37331,57.47947295,1,4,3,-1,0
chris richards,Centre-Back,21,22/23,bayern munich,crystal palace,7500000,12000000,0.406960979,0.2289,20,1307,14.5,0.770833333,4.889058914,57.29150727,0.344299923,0.011919699,1343.527161,4.889058914,0,1,3,2,1
jakub kiwior,Centre-Back,,22/23,spezia,arsenal,8000000,19500000,0,0,,1671,,0.684674984,70.29432456,737.8382747,8.248723988,0.024901581,18306.03459,60.12760293,1,5,1,-4,1
nayef aguerd,Centre-Back,25,22/23,rennes jugend,west ham,12000000,35000000,0,0,31,2735,30.4,0.823529412,3.685557587,64.46435101,0.197440585,0.008690929,1834.321755,3.718464351,0,2,3,1,1
neco williams,Full-Back,20,22/23,liverpool,nott'm forest,8000000,20000000,0,0,14,1192,13.2,0.672727273,10.64597315,59.87416107,4.530201342,0.036906854,1275.780201,2.718120805,0,1,5,4,0
nehuén pérez,Centre-Back,21,22/23,atlético,udinese,6000000,8000000,0,0,20,1692,18.8,0.646153846,2.978723404,31.54255319,0.425531915,0.043278085,816.5957447,2.606382979,0,1,3,2,1
moussa niakhaté,Centre-Back,,22/23,mainz,nott'm forest,18000000,13800000,0,0,,1293,,0.827020202,65.94861793,650.5480663,5.589666131,0.02222724,17722.52489,46.96057539,1,3,5,2,1
nico schlotterbeck,Centre-Back,21,22/23,freiburg,dortmund,33000000,20000000,0.249749123,0.3669,32,2785,30.9,0.7734375,6.721723519,45.33931777,0.937163375,0.028415301,1275.18851,4.912028725,0,3,1,-2,1
carl jenkinson,Full-Back,,22/23,nott'm forest,newcastle,500000,0,0,0,,1564,,0.596153846,86,582,42,0.073211314,11814,49,1,5,3,-2,0
miguel gutiérrez,Full-Back,20,22/23,real madrid,girona,6000000,11000000,0,0,3,260,2.9,0.777777778,9.346153846,57.11538462,4.153846154,0.018181818,1301.538462,2.423076923,0,1,5,4,1
bremer,Centre-Back,,22/23,torino,juventus,35000000,46900000,0,0,,1293,,0.827020202,65.94861793,650.5480663,5.589666131,0.02222724,17722.52489,46.96057539,1,3,1,-2,1
merih demiral,Centre-Back,23,22/23,juventus,atalanta,25000000,21000000,0.315584366,0.1534,28,1917,21.3,0.842696629,1.314553991,32.0657277,0.281690141,0.040257649,815.4460094,4.788732394,0,1,2,1,1
brian oliván,Full-Back,27,22/23,rcd mallorca,espanyol,2500000,0,0,0,28,2189,24.3,0.786885246,3.947007766,26.88899041,1.973503883,0.040693293,685.6692554,1.685701233,0,4,3,-1,0
héctor bellerín,Full-Back,26,22/23,arsenal,barcelona,20000000,0,0,0.25,23,1979,22,0.733333333,5.36634664,36.56392117,2.728650834,0.038208169,768.4790298,2.68317332,0,1,1,0,1
nahuel molina,Full-Back,23,22/23,udinese,atlético,20000000,20000000,0,0,35,2638,29.3,0.73015873,5.492797574,29.3404094,4.3328279,0.043454345,660.3639121,1.159969674,0,3,1,-2,1
christopher wooh,Centre-Back,19,22/23,lens,rennes jugend,3000000,9000000,0,0,14,1050,11.7,0.64,4.457142857,45.08571429,0.6,0.02334267,1157.657143,3.257142857,0,5,2,-3,1
clément vidal,Centre-Back,21,22/23,montpellier,ajaccio,1500000,0,0,0,,1293,,0.827020202,65.94861793,650.5480663,5.589666131,0.02222724,17722.52489,46.96057539,1,3,5,2,0
craig dawson,Centre-Back,31,22/23,west ham,wolves,2500000,3750000,0,0.4205,34,2754,30.6,0.793103448,1.895424837,33.82352941,0.130718954,0.02720403,961.3398693,3.594771242,0,3,4,1,0
cristian romero,Centre-Back,23,22/23,atalanta,tottenham,48000000,52000000,0.373440555,0.1579,22,1844,20.5,0.757894737,4.295010846,56.0791757,0.68329718,0.021486124,1335.357918,4.002169197,0,2,2,0,1
bram nuytinck,Centre-Back,31,22/23,udinese,sampdoria,2000000,0,0,0,27,2033,22.6,0.766666667,1.195277914,34.57452041,0.354156419,0.014104372,955.3369405,2.523364486,0,3,3,0,0
shane duffy,Centre-Back,29,22/23,brighton,fulham,2500000,2125000,0,0,18,1436,16,0.903225806,2.757660167,56.78272981,0.313370474,0.014584654,1555.633705,4.825905292,0,3,4,1,0
ryan fredericks,Full-Back,28,22/23,west ham,bournemouth,1500000,0,0,0,7,307,3.4,1,2.931596091,33.12703583,1.465798046,0.028571429,580.1628664,1.465798046,0,3,4,1,0
cédric hountondji,Centre-Back,27,22/23,clermont foot,angers,3000000,2000000,0,0,23,2034,22.6,0.76119403,2.123893805,36.99115044,0.132743363,0.00955414,841.7699115,2.787610619,0,5,4,-1,0
nordi mukiele,Full-Back,23,22/23,leipzig,paris sg,20000000,12000000,0,0,28,1842,20.5,0.803030303,4.983713355,41.57980456,2.736156352,0.047735618,952.7687296,3.371335505,0,1,1,0,1
maxim leitsch,Centre-Back,23,22/23,vfl bochum,mainz,5000000,3500000,0,0,19,1538,17.1,0.836734694,3.159947984,40.08452536,0.468140442,0.020753267,1057.997399,2.399219766,0,,3,,1
maya yoshida,Centre-Back,32,22/23,sampdoria,fc schalke 04,1500000,0,0,0,26,1823,20.3,0.844444444,3.159626988,40.18650576,0.641799232,0.022988506,1151.930883,2.419089413,0,3,3,0,0
benoît badiashile,Centre-Back,20,22/23,monaco,chelsea,40000000,38000000,0,0,24,1838,20.4,0.734375,6.218715996,59.34711643,0.244831338,0.015934539,1585.282916,3.721436344,0,2,1,-1,0
nicolas cozza,Full-Back,22,22/23,montpellier,wolfsburg,5000000,500000,0,0,34,2770,30.8,0.720338983,4.061371841,36.22743682,0.942238267,0.038804639,894.4440433,2.826714801,0,3,3,0,0
nicolò casale,Centre-Back,23,22/23,hellas verona,lazio,7500000,8000000,0.053147368,0.4811,36,2586,28.7,0.831578947,4.559164733,33.3062645,0.974477958,0.041057368,770.7424594,3.445475638,0,4,2,-2,1
niklas stark,Centre-Back,26,22/23,hertha bsc,werder bremen,6500000,0,0,0,26,2031,22.6,0.8125,3.101920236,36.73559823,0.310192024,0.02435813,1020.531758,2.880354505,0,3,3,0,0
giulian biancone,Centre-Back,21,22/23,troyes,nott'm forest,4000000,10000000,0,0,33,2292,25.5,0.772357724,5.693717277,36.87172775,2.041884817,0.037631711,900.8246073,3.534031414,0,5,5,0,1
daniele ghilardi,Centre-Back,,22/23,fiorentina,hellas verona,250000,2050000,0,0,,1293,,0.827020202,65.94861793,650.5480663,5.589666131,0.02222724,17722.52489,46.96057539,1,3,4,1,0
matija nastasić,Centre-Back,28,22/23,fiorentina,rcd mallorca,1500000,0,0,0,5,219,2.4,1,3.287671233,58.76712329,0.410958904,0.011363636,1583.013699,1.643835616,0,3,4,1,0
matthias ginter,Centre-Back,27,22/23,mönchengladbach,freiburg,18000000,0,0,0,28,2355,26.2,0.797101449,6.152866242,55.4522293,1.605095541,0.008101444,1387.834395,3.668789809,0,3,3,0,0
matthijs de ligt,Centre-Back,21,22/23,juventus,bayern munich,70000000,67000000,0,0,31,2674,29.7,0.75,2.894540015,50.82273747,0.471204188,0.017273061,1343.605086,3.63500374,0,1,1,0,1
jonathan clauss,Full-Back,28,22/23,lens,marseille,15000000,7500000,0,0,37,3046,33.8,0.786764706,7.386736704,36.72685489,5.28890348,0.037663336,933.9198949,1.477347341,0,5,1,-4,0
niklas süle,Centre-Back,25,22/23,bayern munich,dortmund,35000000,0,0,0,28,1837,20.4,0.894736842,8.377789875,77.70277627,1.028851388,0.007429922,2066.570495,3.086554164,0,1,1,0,1
robin gosens,Full-Back,27,22/23,atalanta,inter,28000000,27400000,0.699538947,0.125,13,629,7,0.727272727,6.724960254,42.20985692,3.434022258,0.025089606,887.4085851,2.861685215,0,2,1,-1,1
jonjoe kenny,Full-Back,24,22/23,everton,hertha bsc,4000000,0,0.141088529,0.3271,15,1018,11.3,0.72972973,3.978388998,31.03143418,2.652259332,0.029673591,707.9764244,1.41453831,0,3,3,0,0
mathías olivera,Full-Back,23,22/23,getafe,napoli,15000000,16500000,0.243259649,0.3312,32,2803,31.1,0.76119403,5.586871209,32.65429897,2.600784873,0.077227723,681.8230467,5.073135926,0,3,1,-2,1
oleksandr zinchenko,Full-Back,24,22/23,man city,arsenal,25000000,35000000,0,0,15,1047,11.6,0.823529412,12.46418338,81.91977077,3.868194842,0.01540154,1594.383954,2.492836676,0,1,1,0,0
danny da costa,Centre-Back,28,22/23,frankfurt,mainz,2300000,0,0,0,11,725,8.1,0.576923077,5.213793103,26.44137931,2.110344828,0.051764706,715.1586207,2.234482759,0,3,3,0,1
david raum,Full-Back,23,22/23,hoffenheim,leipzig,20000000,26000000,0,0,32,2757,30.6,0.708860759,7.344940152,47.75843308,7.312295974,0.030208333,1155.277476,1.860718172,0,3,1,-2,1
davide bettella,Centre-Back,,22/23,atalanta,monza,2000000,5000000,0,0,,2087,,0.752988365,84.40755556,1242.924444,5.677366703,0.014812218,32875.99556,74.44466014,1,2,5,3,0
matt doherty,Full-Back,29,22/23,tottenham,atlético,12000000,0,0,0,15,875,9.7,0.806451613,5.451428571,44.94857143,3.908571429,0.038990826,852.5828571,2.88,0,2,1,-1,0
matt targett,Full-Back,25,22/23,aston villa,newcastle,17000000,17500000,0,0,33,2871,31.9,0.74796748,5.203761755,36.30094044,2.884012539,0.026070764,910.4702194,2.978056426,0,3,3,0,0
matteo lovato,Centre-Back,21,22/23,atalanta,salernitana,7000000,7000000,0.438554268,0.2557,22,1543,17.1,0.857142857,2.099805574,38.08813999,0.583279326,0.03650935,1066.817887,2.91639663,0,2,5,3,1
sven botman,Centre-Back,21,22/23,lille,newcastle,30000000,37000000,0,0,25,2250,25,0.74,3.64,53.6,0.4,0.010817308,1445.72,2.72,0,2,3,1,1
jules koundé,Full-Back,22,22/23,sevilla fc,barcelona,60000000,50000000,0,0,32,2736,30.4,0.62295082,7.105263158,62.30263158,1.381578947,0.015473888,1573.223684,3.092105263,0,2,1,-1,1
thilo kehrer,Centre-Back,24,22/23,paris sg,west ham,22000000,12000000,0,0,27,1513,16.8,0.844444444,4.758757436,67.93126239,0.237937872,0.01498829,1418.70456,2.379378718,0,1,3,2,0
armel bella-kotchap,Centre-Back,,22/23,vfl bochum,southampton,10000000,12000000,0,0,,1843,,0.779207072,99.73156682,912.5084972,20.26275959,0.023919562,21883.91257,54.21455925,1,,4,,1
tanguy nianzou,Centre-Back,19,22/23,bayern munich,sevilla fc,9000000,16000000,0,0,17,582,6.5,0.777777778,7.268041237,76.08247423,1.082474227,0.025414365,1869.123711,4.329896907,0,1,2,1,0
omar richards,Full-Back,23,22/23,bayern munich,nott'm forest,7000000,8500000,0,0,12,438,4.9,0.695652174,6.575342466,64.10958904,2.054794521,0.047945205,1162.39726,2.876712329,0,1,5,4,1
ozan kabak,Centre-Back,21,22/23,fc schalke 04,hoffenheim,10000000,7000000,0,0,11,922,10.2,0.807692308,2.830802603,34.164859,0.390455531,0.03030303,855.9761388,2.635574837,0,3,3,0,1
pablo maffeo,Full-Back,24,22/23,stuttgart,rcd mallorca,5000000,3000000,0,0,35,2945,32.7,0.715384615,3.820033956,27.13752122,2.78098472,0.075068493,616.4312394,3.239388795,0,3,4,1,1
denys bain,Centre-Back,,22/23,brest,aj auxerre,1000000,0,0,0,,1746,,0.790468217,67.77066667,859.808,8.535207184,0.027363041,20615.95598,50.72989304,1,4,5,1,0
destiny udogie,Full-Back,18,22/23,hellas verona,udinese,17000000,5200000,0.286259707,0.1591,35,2477,27.5,0.736263736,5.268469923,25.47032701,2.616067824,0.081922817,478.2680662,2.434396447,0,4,3,-1,1
arkadiusz reca,Full-Back,26,22/23,atalanta,spezia,3000000,3900000,0.420596491,0.5179,25,1772,19.7,0.80952381,5.485327314,31.59142212,2.133182844,0.056726094,770.7392777,1.879232506,0,2,5,3,0
julian jeanvier,Centre-Back,29,22/23,brentford,aj auxerre,900000,0,2.811703619,2.006427778,,2270,,0.852834212,51.95222865,1046.460361,4.651496114,0.017666905,29425.24379,66.38133645,1,5,5,0,0
julian ryerson,Full-Back,23,22/23,union berlin,dortmund,7500000,5000000,0,0,28,1429,15.9,0.720930233,5.038488453,30.35689293,3.463960812,0.047668394,699.720084,2.078376487,0,5,1,-4,1
junior sambia,Full-Back,24,22/23,montpellier,salernitana,4500000,0,0,0,30,1533,17,0.790697674,6.223091977,32.34833659,1.996086106,0.058723404,714.3052838,2.230919765,0,3,5,2,0
jérôme roussillon,Full-Back,28,22/23,wolfsburg,union berlin,3000000,3100000,0,0,26,1775,19.7,0.821428571,5.374647887,34.22535211,2.636619718,0.042521994,771.1098592,1.115492958,0,3,5,2,1
destiny udogie,Full-Back,18,22/23,udinese,tottenham,17000000,18000000,0,0,35,2477,27.5,0.736263736,5.268469923,25.47032701,2.616067824,0.081922817,478.2680662,2.434396447,0,3,2,-1,1
diego carlos,Centre-Back,28,22/23,sevilla fc,aston villa,40000000,31000000,0,0,34,2957,32.9,0.813559322,3.043625296,58.31586067,0.395671288,0.015151515,1701.477849,3.165370308,0,2,3,1,0
marcos alonso,Centre-Back,30,22/23,chelsea,barcelona,12000000,0,0,0,28,2167,24.1,0.857142857,5.980618366,47.42962621,4.236271343,0.042896679,977.8311029,2.865712967,0,1,1,0,1
kalidou koulibaly,Centre-Back,30,22/23,napoli,chelsea,35000000,41900000,0,0,27,2405,26.7,0.764705882,3.77962578,53.47609148,0.673596674,0.017452655,1355.837838,2.656964657,0,1,1,0,0
antonio rüdiger,Centre-Back,28,22/23,chelsea,real madrid,40000000,0,0,0,34,3035,33.7,0.736842105,7.176276771,65.74299835,1.245469522,0.01509078,1633.581549,2.490939044,0,1,1,0,1
marc cucurella,Full-Back,23,22/23,brighton,chelsea,28000000,65300000,0,0,36,3112,34.6,0.74796748,8.647172237,55.09318766,3.412596401,0.022733498,1133.126607,2.949871465,0,3,1,-2,1
dominik kohr,Centre-Back,,22/23,frankfurt,mainz,5000000,1500000,0,0,,1293,,0.827020202,65.94861793,650.5480663,5.589666131,0.02222724,17722.52489,46.96057539,1,3,3,0,1
flavius daniliuc,Centre-Back,20,22/23,nice,salernitana,8000000,5800000,0,0,24,1293,14.4,0.75,4.802784223,53.66589327,0.626450116,0.022044088,1294.24594,3.619489559,0,3,5,2,1
duje caleta-car,Centre-Back,24,22/23,marseille,southampton,16000000,8000000,0,1.830573333,,2148,,0.790452642,89.17957279,1188.424447,10.62739567,0.020397965,31263.25355,87.27213388,1,1,4,3,1
kevin mbabu,Full-Back,26,22/23,wolfsburg,fulham,9000000,5500000,0,0,24,1391,15.5,0.833333333,7.634795111,38.75629044,3.429187635,0.052550232,1026.556434,3.299784328,0,3,4,1,0
malick thiaw,Centre-Back,,22/23,fc schalke 04,ac milan,6000000,12800000,0,0,,1293,,0.827020202,65.94861793,650.5480663,5.589666131,0.02222724,17722.52489,46.96057539,1,3,1,-2,1
malo gusto,Full-Back,18,22/23,lyon,chelsea,15000000,30000000,0,0,30,1884,20.9,0.772727273,7.5,61.62420382,3.678343949,0.030963303,1210.318471,2.436305732,0,1,1,0,1
felipe,Centre-Back,32,22/23,atlético,nott'm forest,3000000,2300000,0,0,26,1504,16.7,0.895833333,2.214095745,37.81914894,0.418882979,0.02605042,922.6795213,3.590425532,0,1,5,4,1
manuel akanji,Centre-Back,26,22/23,dortmund,man city,30000000,20000000,0,0,26,2261,25.1,0.852941176,5.294117647,72.40601504,0.159221583,0.008069164,1996.479434,2.945599292,0,1,1,0,1
ko itakura,Centre-Back,24,22/23,man city,mönchengladbach,5000000,5000000,0,1.830573333,,2148,,0.790452642,89.17957279,1188.424447,10.62739567,0.020397965,31263.25355,87.27213388,1,1,3,2,1
konstantinos mavropanos,Centre-Back,23,22/23,arsenal,stuttgart,15000000,3200000,0.307466467,0.3498,31,2705,30.1,0.857142857,5.223659889,49.67467652,0.6987061,0.020465773,1402.669131,4.325323475,0,1,3,2,0
konstantinos stafylidis,Full-Back,27,22/23,hoffenheim,vfl bochum,1800000,250000,0,0,,2270.5,,0.775666641,170.1049861,1070.052552,85.65443231,0.041629723,24398.21502,57.81272853,1,3,,,0
andrea ranocchia,Centre-Back,33,22/23,inter,monza,800000,0,0,0,6,341,3.8,0.666666667,2.375366569,48.03519062,0.263929619,0.018461538,1420.205279,5.278592375,0,1,5,4,0
andreas christensen,Centre-Back,25,22/23,chelsea,barcelona,35000000,0,0,0,19,1496,16.6,0.860465116,5.715240642,72.2526738,0.782085561,0.007550731,1719.86631,3.368983957,0,1,1,0,1
wesley fofana,Centre-Back,20,22/23,leicester,chelsea,40000000,80400000,0,0,7,630,7,0.833333333,5.428571429,67.14285714,0.428571429,0.015923567,1646.428571,4,0,3,1,-2,0
leo østigård,Centre-Back,22,22/23,brighton,napoli,5000000,5500000,0,0,,2228,,0.768768769,97.21895332,1158.333616,13.12405484,0.019269122,32364.48264,79.37967255,1,3,1,-2,1
luiz felipe,Centre-Back,24,22/23,lazio,real betis,16000000,0,0,0,31,2491,27.7,0.756756757,3.251706142,60.26495383,0.289040546,0.014799865,1489.317543,2.384584504,0,2,3,1,0
leonardo sernicola,Full-Back,24,22/23,sassuolo,cremonese,1500000,0,0,0.5195,33,2803,31.1,0.81512605,5.105244381,33.39279344,1.573314306,0.047856431,881.0881199,2.632893329,0,3,5,2,0
willy boly,Centre-Back,30,22/23,wolves,nott'm forest,6000000,2600000,0,0,10,900,10,0.846153846,2.6,46.8,0.2,0.015098722,1171.2,3.9,0,4,5,1,1
emerson,Full-Back,22,22/23,chelsea,west ham,14000000,15400000,0.072947368,0.3214,34,2377,26.4,0.747474747,5.225073622,46.45771981,3.029028187,0.033218292,804.6613378,3.142616744,0,1,3,2,1
pervis estupiñán,Full-Back,23,22/23,villarreal,brighton,20000000,17800000,0,0,28,1575,17.5,0.770491803,6.857142857,46.85714286,3.371428571,0.041301627,968.1142857,2.571428571,0,2,3,1,1
zeki çelik,Full-Back,24,22/23,lille,roma,18000000,7400000,0,0,32,2696,30,0.747663551,8.145400593,46.40207715,2.570474777,0.029579473,1007.459199,2.570474777,0,2,1,-1,1
aaron hickey,Full-Back,19,22/23,bologna,brentford,18000000,14250000,0,0,36,2820,31.3,0.773333333,3.478723404,32.93617021,1.723404255,0.057809331,601.2765957,1.468085106,0,3,5,2,1
álex moreno,Full-Back,28,22/23,real betis,aston villa,20000000,13500000,0,0,30,2404,26.7,0.672727273,7.113144759,38.03660566,2.957570715,0.047479197,797.6455907,2.396006656,0,3,3,0,1
ainsley maitland-niles,Full-Back,24,23/24,arsenal,lyon,8000000,0,0.096742105,0.3101,22,1407,15.6,0.686567164,4.60554371,36.14072495,1.855010661,0.050766284,803.8592751,2.49466951,0,1,1,0,1
nathan collins,Centre-Back,21,23/24,wolves,brentford,22000000,26850000,0,0,26,1814,20.2,0.75,3.721058434,49.66372657,0.297684675,0.018888889,1337.745314,2.579933848,0,4,5,1,1
ilario monterisi,Centre-Back,20,23/24,lecce,frosinone,300000,500000,0,0,,1671,,0.684674984,70.29432456,737.8382747,8.248723988,0.024901581,18306.03459,60.12760293,1,5,5,0,0
yerry mina,Centre-Back,27,23/24,fiorentina,cagliari,5000000,500000,0,0,7,594,6.6,0.666666667,2.121212121,43.33333333,0.454545455,0.01934236,1021.666667,4.090909091,0,3,4,1,0
yerry mina,Centre-Back,27,23/24,everton,fiorentina,10000000,0,0,0,7,594,6.6,0.666666667,2.121212121,43.33333333,0.454545455,0.01934236,1021.666667,4.090909091,0,3,3,0,1
aarón martín,Full-Back,25,23/24,mainz,genoa,7000000,0,0,0,28,1847,20.5,0.736842105,5.40877098,37.0817542,3.654574986,0.039202201,871.9328641,1.364374662,0,3,4,1,0
andoni gorosabel,Full-Back,25,23/24,real sociedad,alavés,9000000,1500000,0,0,27,1708,19,0.724137931,5.796252927,46.79156909,2.529274005,0.029430182,954.5374707,2.318501171,0,3,4,1,1
toni lato,Full-Back,24,23/24,valencia,rcd mallorca,2500000,0,0,0,24,914,10.2,0.586206897,5.711159737,38.40262582,2.855579869,0.03021978,805.4704595,1.47702407,0,3,4,1,0
kevin vogt,Centre-Back,30,23/24,hoffenheim,union berlin,2500000,400000,0.565113423,0.3953,22,1775,19.7,0.87804878,6.084507042,52.37746479,0.963380282,0.017482517,1623.752113,1.064788732,0,3,5,2,0
auston trusty,Centre-Back,23,23/24,arsenal,sheffield utd,10000000,5800000,0,0.4481,44,3929,43.7,0.781818182,3.298549249,24.51005345,0.733010944,0.052554028,634.9249173,4.535505218,0,1,5,4,1
teden mengi,Centre-Back,,23/24,man utd,luton town,2000000,0,0,0.735423333,,1941,,0.803811,89.24137931,1094.03978,7.327898541,0.020988887,27255.96389,68.68356562,1,1,5,4,0
ashley young,Full-Back,37,23/24,aston villa,everton,600000,0,0,0,29,2036,22.6,0.676056338,6.011787819,39.65127701,1.81237721,0.02710496,980.0982318,1.768172888,0,3,3,0,1
tim siersleben,Centre-Back,,23/24,wolfsburg,heidenheim,1500000,500000,0,0,,1293,,0.827020202,65.94861793,650.5480663,5.589666131,0.02222724,17722.52489,46.96057539,1,3,5,2,0
tiago djaló,Centre-Back,22,23/24,lille,juventus,15000000,5100000,0,0,25,2017,22.4,0.814814815,3.525037184,66.08329202,0.133862172,0.011114853,1551.373327,2.186415469,0,2,1,-1,1
armando izzo,Centre-Back,30,23/24,torino,monza,3000000,3000000,0.30214386,0.4205,30,2466,27.4,0.81300813,4.306569343,50.69343066,0.912408759,0.025117739,1214.306569,3.284671533,0,3,5,2,0
manu sánchez,Full-Back,21,23/24,atlético,celta vigo,10000000,0,0,0,31,2124,23.6,0.753846154,6.016949153,38.81355932,3.686440678,0.03835146,774.1525424,2.118644068,0,1,3,2,1
benjamin pavard,Centre-Back,26,23/24,bayern munich,inter,40000000,31400000,0,0,30,2431,27,0.745614035,8.848210613,78.48621966,1.888111888,0.010201543,1918.321678,3.887289181,0,1,1,0,1
stefan posch,Centre-Back,25,23/24,hoffenheim,bologna,14000000,5000000,0.030778947,0.3726,31,2550,28.3,0.672413793,6.811764706,49.65882353,2.082352941,0.036343612,1256.647059,2.470588235,0,3,3,0,0
axel disasi,Centre-Back,24,23/24,monaco,chelsea,30000000,45000000,0,0,38,3330,37,0.88372093,7.297297297,44.05405405,0.783783784,0.019090399,1237.567568,3.162162162,0,2,1,-1,0
sergio ramos,Centre-Back,36,23/24,paris sg,sevilla fc,4500000,0,0,0,33,2704,30,0.882352941,5.924556213,79.68195266,0.499260355,0.010849539,2036.849112,2.696005917,0,1,2,1,1
marin pongracic,Centre-Back,24,23/24,wolfsburg,lecce,4000000,1600000,0,0,,2228,,0.768768769,97.21895332,1158.333616,13.12405484,0.019269122,32364.48264,79.37967255,1,3,5,2,0
simone romagnoli,Centre-Back,32,23/24,lecce,frosinone,750000,100000,0,0,7,167,1.9,0.857142857,2.694610778,32.8742515,0,0.027272727,880.0598802,8.083832335,0,5,5,0,0
sead kolasinac,Centre-Back,29,23/24,marseille,atalanta,8000000,0,0,0,,2036.5,,0.760078439,106.2249014,1200.367362,12.95847802,0.017088383,30864.82636,55.31888092,1,1,2,1,1
santiago bueno,Centre-Back,23,23/24,girona,wolves,8000000,12000000,0,0,34,3010,33.4,0.734042553,5.322259136,47.12292359,0.448504983,0.015037594,1249.504983,3.348837209,0,5,4,-1,1
cenk özkacar,Centre-Back,21,23/24,lyon,valencia,5000000,5000000,0,0.1932,17,1365,15.2,0.820512821,5.538461538,42.59340659,0.527472527,0.018370607,1088.835165,4.549450549,0,1,3,2,1
matheus nunes,Full-Back,,23/24,wolves,man city,45000000,62000000,0,0,,1591,,0.716268072,97.31550381,455.4019488,44.93835827,0.070296014,11726.62094,36.67057837,1,4,1,-3,0
ruben aguilar,Full-Back,29,23/24,monaco,lens,7000000,3500000,0,0,20,1172,13,0.72972973,10.05972696,53.44709898,1.689419795,0.023224044,1186.279863,1.612627986,0,2,5,3,0
christopher lenz,Full-Back,27,23/24,frankfurt,leipzig,2500000,1000000,0,0,24,1290,14.3,0.84,6.488372093,43.3255814,3.627906977,0.029686175,1079.093023,2.441860465,0,3,1,-2,0
christophe hérelle,Centre-Back,29,23/24,brest,fc mtz,2000000,0,0,0,16,1060,11.8,0.8,2.20754717,32.00943396,0.424528302,0.021766965,856.1037736,1.273584906,0,4,,,0
castello lukeba,Centre-Back,19,23/24,lyon,leipzig,25000000,30000000,0,0,34,2986,33.2,0.859649123,5.726724715,61.30609511,0.33154722,0.015617716,1544.919625,1.778298727,0,1,1,0,1
samuel umtiti,Centre-Back,28,23/24,barcelona,lille,4000000,0,0.433251781,0.3977,25,2113,23.5,0.769230769,2.896355892,30.83767156,0.383341221,0.0333081,816.5168008,2.896355892,0,1,2,1,0
ronaël pierre-gabriel,Full-Back,24,23/24,mainz,nantes,3500000,0,0,0,22,889,9.9,0.75,5.264341957,36.8503937,1.721034871,0.050387597,809.0888639,3.948256468,0,3,3,0,0
daley sinkgraven,Full-Back,27,23/24,leverkusen,ud las palmas,2500000,0,0,0,12,344,3.8,0.8,4.186046512,41.59883721,2.354651163,0.055921053,854.4767442,2.61627907,0,1,5,4,0
daley blind,Centre-Back,32,23/24,bayern munich,girona,3000000,0,0,0,13,943,10.5,0.8,20.80593849,94.3902439,5.153764581,0.009382716,2518.472959,2.576882291,0,1,5,4,1
daley blind,Centre-Back,32,23/24,bayern munich,girona,3000000,0,0,0,4,134,1.5,0.5,6.71641791,58.43283582,2.014925373,0.012578616,1556.865672,1.343283582,0,1,5,4,1
mateusz wieteska,Centre-Back,25,23/24,clermont foot,cagliari,3000000,5300000,0,0,35,3117,34.6,0.81443299,3.291626564,38.80654475,0.230991338,0.017755682,1032.098171,2.91626564,0,5,4,-1,0
ryan giles,Full-Back,22,23/24,wolves,luton town,9000000,5850000,0,0.7338,45,3836,42.6,0.80952381,5.020855057,41.24608968,5.232012513,0.019758183,914.4056309,1.102711157,0,4,5,1,1
césar azpilicueta,Centre-Back,32,23/24,chelsea,atlético,5000000,0,0,0,25,1527,17,0.709677419,5.540275049,51.39489194,2.121807466,0.02851711,1016.404715,3.182711198,0,1,1,0,0
rogério,Full-Back,24,23/24,sassuolo,wolfsburg,5500000,5500000,0,0.0568,36,2996,33.3,0.783783784,8.861815754,49.3858478,3.454606142,0.020554344,1188.684913,1.261682243,0,3,3,0,1
robin gosens,Full-Back,28,23/24,inter,union berlin,15000000,13000000,0.498869187,0.1989,32,1184,13.2,0.719298246,5.320945946,38.46283784,3.344594595,0.037260826,847.7027027,2.888513514,0,1,5,4,0
josko gvardiol,Centre-Back,,23/24,leipzig,man city,75000000,90000000,0,0.735423333,,1941,,0.803811,89.24137931,1094.03978,7.327898541,0.020988887,27255.96389,68.68356562,1,1,1,0,1
matt doherty,Full-Back,30,23/24,atlético,wolves,5000000,0,0,0,14,685,7.6,0.75,4.729927007,44.01459854,2.102189781,0.044871795,814.8613139,3.941605839,0,1,4,3,0
josh doig,Full-Back,20,23/24,hellas verona,sassuolo,7000000,6500000,0,0,22,1354,15,0.633333333,4.519940916,23.92909897,2.459379616,0.083769634,597.2968981,1.595273264,0,4,3,-1,1
riccardo marchizza,Full-Back,24,23/24,sassuolo,frosinone,1000000,1300000,0.300929825,0.4367,10,283,3.1,1,5.724381625,43.56890459,1.908127208,0.042253521,962.6501767,2.22614841,0,3,5,2,0
jordan zemura,Full-Back,22,23/24,bournemouth,udinese,6000000,0,0,0,19,1454,16.2,0.727272727,5.199449794,26.1829436,2.785419532,0.077097506,579.6148556,1.918844567,0,4,3,-1,0
jordan beyer,Centre-Back,22,23/24,mönchengladbach,burnley,16000000,15000000,0,0,30,2531,28.1,0.75,5.404978269,73.78506519,0.391149743,0.009664293,1790.07902,3.733702094,0,3,4,1,1
danilo d'ambrosio,Centre-Back,33,23/24,inter,monza,1500000,0,0,0,15,733,8.1,0.771428571,5.156889495,60.53206003,1.841746248,0.026068822,1377.503411,3.06957708,0,1,5,4,0
rob holding,Centre-Back,26,23/24,arsenal,crystal palace,8000000,1200000,0,0,14,566,6.3,0.727272727,4.293286219,60.74204947,0.318021201,0.012362637,1621.113074,4.293286219,0,1,3,2,1
quentin merlin,Full-Back,20,23/24,nantes,marseille,10000000,10000000,0,0,24,1791,19.9,0.781818182,6.884422111,43.06532663,3.869346734,0.025,1114.924623,1.75879397,0,3,1,-2,1
raphaël guerreiro,Full-Back,28,23/24,dortmund,bayern munich,20000000,0,0,0,27,2290,25.4,0.777777778,10.84716157,58.75545852,5.541484716,0.018329939,1181.39738,0.982532751,0,1,1,0,1
ramy bensebaini,Centre-Back,27,23/24,mönchengladbach,dortmund,20000000,0,0,0,28,2481,27.6,0.814285714,5.114873035,43.24062878,2.140266022,0.034755829,1007.883918,3.22853688,0,3,1,-2,1
radu drăgușin,Centre-Back,20,23/24,juventus,genoa,8000000,9700000,0,0.4028,38,3375,37.5,0.831325301,3.493333333,44.32,0.426666667,0.018390805,1118.586667,2.933333333,0,1,4,3,0
joakim maehle,Full-Back,,23/24,atalanta,wolfsburg,14000000,12500000,0,0,,1843,,0.779207072,99.73156682,912.5084972,20.26275959,0.023919562,21883.91257,54.21455925,1,2,3,1,1
el chadaille bitshiabu,Centre-Back,17,23/24,paris sg,leipzig,7000000,15000000,0,0,13,583,6.5,0.842105263,3.704974271,66.38078902,0.308747856,0.012471655,1532.933105,2.006861063,0,1,1,0,1
filippo terracciano,Full-Back,19,23/24,hellas verona,ac milan,3500000,4500000,0,0,20,821,9.1,0.766666667,5.80998782,25.76126675,2.411693057,0.055445545,666.2850183,3.069427527,0,4,1,-3,1
filippo missori,Full-Back,18,23/24,roma,sassuolo,800000,2500000,0,0,3,181,2,0.857142857,0.497237569,20.38674033,0,0.129032258,486.7955801,2.486187845,0,1,3,2,0
felix passlack,Full-Back,24,23/24,dortmund,vfl bochum,1500000,0,0,0,3,64,0.7,0.75,12.65625,42.1875,7.03125,0.031746032,1355.625,5.625,0,1,,,0
pau torres,Centre-Back,25,23/24,villarreal,aston villa,45000000,33000000,0,0.3425,34,3054,33.9,0.678571429,8.04518664,54.66601179,0.854616896,0.013239665,1473.801572,2.475442043,0,2,3,1,1
jean-kévin duverne,Centre-Back,,23/24,brest,nantes,4000000,0,0,0,,1746,,0.790468217,67.77066667,859.808,8.535207184,0.027363041,20615.95598,50.72989304,1,4,3,-1,0
javier manquillo,Full-Back,28,23/24,newcastle,celta vigo,2000000,0,0,0,4,37,0.4,0.75,14.59459459,58.37837838,0,0,1250.27027,4.864864865,0,3,3,0,0
javi galán,Full-Back,27,23/24,celta vigo,atlético,12000000,5000000,0,0,37,3160,35.1,0.779310345,7.575949367,44.91455696,4.414556962,0.047445255,1009.082278,2.990506329,0,3,1,-2,1
evan ndicka,Centre-Back,,23/24,frankfurt,roma,28000000,0,0,0,,1293,,0.827020202,65.94861793,650.5480663,5.589666131,0.02222724,17722.52489,46.96057539,1,3,1,-2,1
radu drăgușin,Centre-Back,20,23/24,genoa,tottenham,20000000,25000000,0,0,38,3375,37.5,0.831325301,3.493333333,44.32,0.426666667,0.018390805,1118.586667,2.933333333,0,4,2,-2,0
micky van de ven,Centre-Back,21,23/24,wolfsburg,tottenham,30000000,40000000,0,0,33,2970,33,0.788732394,4.666666667,46.6969697,0.484848485,0.01674069,1227.454545,1.96969697,0,3,2,-1,1
fran garcía,Full-Back,,23/24,rayo vallecano,real madrid,12000000,5000000,0,0,,1591,,0.716268072,97.31550381,455.4019488,44.93835827,0.070296014,11726.62094,36.67057837,1,4,1,-3,1
florian lejeune,Centre-Back,31,23/24,alavés,rayo vallecano,4000000,2500000,0.096273684,0.3068,31,2565,28.5,0.744186047,3.087719298,38.94736842,0.49122807,0.013927577,1274.421053,2.666666667,0,4,4,0,0
patric pfeiffer,Centre-Back,,23/24,darmstadt 98,augsburg,3000000,0,0,0,,1671,,0.684674984,70.29432456,737.8382747,8.248723988,0.024901581,18306.03459,60.12760293,1,5,3,-2,0
pasquale mazzocchi,Full-Back,27,23/24,salernitana,napoli,4000000,3000000,0,0,27,1958,21.8,0.666666667,5.975485189,32.26762002,3.585291113,0.078734859,695.040858,1.378958121,0,5,1,-4,1
ola aina,Full-Back,25,23/24,torino,nott'm forest,3500000,0,0,0,19,876,9.7,0.857142857,8.01369863,41.30136986,4.006849315,0.046373365,953.3219178,2.568493151,0,3,5,2,1
isak hien,Centre-Back,23,23/24,hellas verona,atalanta,9000000,8860000,0,0,32,2607,29,0.644230769,2.451093211,26.75489068,0.207134638,0.061294766,768.1242808,4.004602992,0,4,2,-2,1
min-jae kim,Centre-Back,,23/24,napoli,bayern munich,60000000,50000000,0,0.735423333,,1941,,0.803811,89.24137931,1094.03978,7.327898541,0.020988887,27255.96389,68.68356562,1,1,1,0,1
milan škriniar,Centre-Back,27,23/24,inter,paris sg,50000000,0,0,0,21,1769,19.7,0.738095238,4.934991521,64.86715659,0.559638214,0.023424191,1602.600339,1.780667044,0,1,1,0,0
gabriel paulista,Centre-Back,31,23/24,valencia,atlético,2500000,0,0,0,21,1504,16.7,0.836734694,4.368351064,38.59707447,0.53856383,0.017064846,1073.058511,3.051861702,0,3,1,-2,0
pablo marí,Centre-Back,28,23/24,arsenal,monza,5000000,6200000,0.264892426,0.4632,30,2487,27.6,0.735294118,2.279855247,51.78528347,0.217129071,0.01926858,1474.197829,2.822677925,0,1,5,4,0
hamari traoré,Full-Back,30,23/24,rennes jugend,real sociedad,10000000,0,0,0,31,2528,28.1,0.813953488,7.618670886,54.86155063,2.741297468,0.020814203,1260.747627,2.314082278,0,2,3,1,1
igor julio,Centre-Back,,23/24,fiorentina,brighton,10000000,16500000,0,0,,1293,,0.827020202,65.94861793,650.5480663,5.589666131,0.02222724,17722.52489,46.96057539,1,3,3,0,1
iñigo martínez,Centre-Back,31,23/24,bilbao athletic,barcelona,10000000,0,0,0,15,1338,14.9,0.722222222,4.775784753,42.17488789,0.470852018,0.015926236,1227.443946,2.286995516,0,3,1,-2,1
francesco acerbi,Centre-Back,34,23/24,lazio,inter,4000000,4000000,0.115450877,0.2159,31,2425,26.9,0.810810811,5.158762887,54,1.298969072,0.014800759,1303.571134,3.6,0,2,1,-1,1
valentino lazaro,Full-Back,26,23/24,inter,torino,5000000,3400000,0.837327247,0.5143,23,1373,15.3,0.615384615,7.734887109,44.18062637,4.32629279,0.026397516,1024.217043,1.245447924,0,1,3,2,0
konstantinos mavropanos,Centre-Back,24,23/24,stuttgart,west ham,15000000,20000000,0.156568122,0.1023,28,2286,25.4,0.796460177,6.062992126,49.40944882,1.220472441,0.025094103,1484.448819,4.251968504,0,3,3,0,1
konrad laimer,Full-Back,,23/24,leipzig,bayern munich,28000000,0,0,0,,1458,,0.774696781,117.7192996,688.4378123,57.19141808,0.044381728,13967.0164,40.38812155,1,1,1,0,1
leonardo bonucci,Centre-Back,35,23/24,juventus,union berlin,1500000,0,0,0,16,879,9.8,0.944444444,3.071672355,52.01365188,0.819112628,0.015906681,1516.279863,2.457337884,0,1,5,4,0
alidu seidu,Centre-Back,22,23/24,clermont foot,rennes jugend,7000000,11000000,0,0,28,2458,27.3,0.798076923,3.368592352,42.18063466,0.951993491,0.034825871,984.0683483,2.087062653,0,5,2,-3,1
wilfried singo,Full-Back,21,23/24,torino,monaco,12000000,9100000,0,0,31,2046,22.7,0.743589744,5.322580645,37.52199413,2.903225806,0.05529132,834.8973607,3.079178886,0,3,2,-1,1
lucas hernández,Full-Back,26,23/24,bayern munich,paris sg,45000000,45000000,0,0,7,476,5.3,0.818181818,6.995798319,63.71848739,0.567226891,0.007800312,1679.180672,1.512605042,0,1,1,0,1
lorenzo pirola,Centre-Back,20,23/24,inter,salernitana,8000000,5000000,0.306586323,0.414,26,1941,21.6,0.936507937,2.596599691,36.63060278,0.324574961,0.028917283,891.9783617,3.570324575,0,1,5,4,1
lorenzo venuti,Full-Back,27,23/24,fiorentina,lecce,2000000,0,0.297244912,0.3295,17,924,10.3,0.52173913,6.623376623,48.40909091,2.24025974,0.023681378,1118.766234,1.655844156,0,3,5,2,0
loïc badé,Centre-Back,22,23/24,rennes jugend,sevilla fc,12000000,12000000,0,0,,2296,,0.761933394,110.3088538,1262.013699,15.70844333,0.018332979,32574.3119,80.91165844,1,2,2,0,1
álvaro odriozola,Full-Back,26,23/24,real madrid,real sociedad,5000000,3000000,0.24275589,0.1891,3,39,0.4,,13.84615385,62.30769231,9.230769231,0,1116.923077,0,0,1,3,2,1
guillermo maripán,Centre-Back,29,24/25,monaco,torino,10000000,4600000,0,0,23,1767,19.6,0.730769231,3.208828523,47.5721562,0.305602716,0.018626929,1317.198642,2.801358234,0,2,3,1,0
willy kambwala,Centre-Back,18,24/25,man utd,villarreal,5000000,10000000,0,0,8,330,3.7,0.714285714,2.727272727,44.45454545,0,0.03030303,1015.909091,1.909090909,0,1,2,1,1
willian pacho,Centre-Back,21,24/25,frankfurt,paris sg,35000000,40000000,0,0,33,2970,33,0.770642202,5.151515152,58.48484848,0.545454545,0.014450094,1476.090909,2.757575758,0,3,1,-2,1
lloyd kelly,Centre-Back,24,24/25,bournemouth,newcastle,18000000,0,0,0,23,1559,17.3,0.864864865,4.09878127,38.85182809,1.270044901,0.033489097,1035.259782,2.713277742,0,4,3,-1,0
alessandro buongiorno,Centre-Back,24,24/25,torino,napoli,35000000,35000000,0.170905263,0.3312,29,2527,28.1,0.776978417,2.706766917,36.04273843,0.391768896,0.054157549,812.813613,4.166996438,0,3,1,-2,1
abdukodir khusanov,Centre-Back,19,24/25,lens,man city,12000000,40000000,0,0,11,809,9,0.735294118,3.114956737,42.60815822,0.22249691,0.021276596,1071.100124,2.002472188,0,5,1,-4,1
juan bernat,Full-Back,30,24/25,villarreal,getafe,2500000,0,0,0,,1172,,0.82514344,76.0867222,585.3302857,39.85412571,0.028311859,12033.47157,27.93207366,1,2,3,1,0
juan bernat,Full-Back,30,24/25,paris sg,villarreal,2500000,0,0,0,,1248,,0.696787864,102.4606553,697.8238233,55.33517335,0.023966816,15791.64985,22.50117848,1,1,2,1,0
waldemar anton,Centre-Back,27,24/25,stuttgart,dortmund,20000000,22500000,0,0,33,2886,32.1,0.82278481,6.548856549,72.66112266,0.717255717,0.01504445,1762.110187,3.243243243,0,3,1,-2,1
alberto dossena,Centre-Back,24,24/25,cagliari,como,5000000,8500000,0,0,35,2977,33.1,0.8,2.962714142,31.50151159,0.483708431,0.037617555,909.4625462,4.625461874,0,4,5,1,1
aaron wan-bissaka,Full-Back,25,24/25,man utd,west ham,20000000,17600000,0,0,22,1780,19.8,0.795180723,5.41011236,41.61235955,1.769662921,0.030839895,726.2191011,2.325842697,0,1,3,2,0
logan costa,Centre-Back,22,24/25,toulouse,villarreal,12000000,18000000,0,0,31,2650,29.4,0.746031746,5.569811321,50.63773585,0.543396226,0.019292605,1403.286792,2.988679245,0,4,2,-2,1
alberto moreno,Full-Back,31,24/25,villarreal,como,1800000,0,0,0,27,1484,16.5,0.818181818,4.912398922,35.53908356,3.032345013,0.041159963,857.4865229,1.880053908,0,2,5,3,1
adam masina,Centre-Back,29,24/25,udinese,torino,1500000,1000000,0.417776236,0.2841,20,1088,12.1,0.735294118,3.805147059,47.89522059,0.579044118,0.031569174,1174.632353,3.143382353,0,3,3,0,0
leny yoro,Centre-Back,17,24/25,lille,man utd,50000000,62000000,0,0,32,2673,29.7,0.847222222,2.558922559,58.28282828,0.101010101,0.010737086,1384.040404,2.323232323,0,2,1,-1,1
noussair mazraoui,Full-Back,25,24/25,bayern munich,man utd,30000000,15000000,0,0,19,1197,13.3,0.788461538,10.30075188,65.03759398,3.157894737,0.018281536,1258.947368,3.007518797,0,1,1,0,1
nikola milenković,Centre-Back,25,24/25,fiorentina,nott'm forest,15000000,12300000,0,0,34,2510,27.9,0.705882353,3.19123506,48.08366534,0.322709163,0.016023007,1316.545817,4.733067729,0,3,5,2,1
hans hateboer,Full-Back,29,24/25,atalanta,rennes jugend,3500000,2700000,0,0,23,1113,12.4,0.5625,4.932614555,41.56334232,4.447439353,0.030204962,829.6495957,1.859838275,0,2,2,0,0
hiroki ito,Centre-Back,24,24/25,stuttgart,bayern munich,30000000,23500000,0.281304993,0.3653,26,2228,24.8,0.979166667,6.059245961,74.04398564,1.97935368,0.011412708,1671.947935,1.938958707,0,3,1,-2,1
nadir zortea,Full-Back,24,24/25,atalanta,cagliari,3000000,5100000,0.223452632,0.5058,19,1407,15.6,0.741935484,5.756929638,31.15138593,5.053304904,0.069908815,706.6950959,1.855010661,0,2,4,2,1
mërgim vojvoda,Full-Back,28,24/25,torino,como,3000000,2000000,0,0,28,1379,15.3,0.7,7.897026831,49.73168963,3.58955765,0.017988008,1179.920232,0.848440899,0,3,5,2,0
moussa niakhaté,Centre-Back,,24/25,nott'm forest,lyon,16000000,31900000,0,0,,1671,,0.684674984,70.29432456,737.8382747,8.248723988,0.024901581,18306.03459,60.12760293,1,5,1,-4,1
valentin gendrey,Full-Back,23,24/25,lecce,hoffenheim,7000000,8500000,0,0,37,3044,33.8,0.755555556,5.70630749,30.48291721,1.626149803,0.041789577,766.478318,2.542706965,0,5,3,-2,1
andoni gorosabel,Full-Back,26,24/25,alavés,bilbao athletic,5000000,0,0,0,36,2854,31.7,0.777777778,5.518570427,33.39523476,2.04975473,0.049284579,687.3300631,2.112824107,0,4,3,-1,0
unai núñez,Centre-Back,26,24/25,bilbao athletic,celta vigo,7000000,7000000,0,0,34,2801,31.1,0.776699029,3.727240271,41.86719029,0.449839343,0.030339321,1201.006783,3.759371653,0,3,3,0,1
tymoteusz puchacz,Full-Back,24,24/25,union berlin,holstein kiel,2000000,2000000,0,0,,2269.5,,0.764790779,139.2800613,1042.946715,84.24520247,0.033058303,22552.14282,58.26416052,1,5,5,0,0
giorgio altare,Centre-Back,24,24/25,cagliari,venezia,2000000,1500000,0,0.3523,32,2257,25.1,0.838095238,4.226849801,50.64244572,0.996898538,0.027507406,1440.757643,4.505981391,0,4,5,1,0
tosin adarabioyo,Centre-Back,25,24/25,fulham,chelsea,20000000,0,0,0,20,1617,18,0.782608696,4.00742115,57.21706865,0.278293135,0.009389671,1612.207792,3.729128015,0,4,1,-3,1
malang sarr,Centre-Back,24,24/25,chelsea,lens,4000000,0,0,1.830573333,,2148,,0.790452642,89.17957279,1188.424447,10.62739567,0.020397965,31263.25355,87.27213388,1,1,5,4,0
angeliño,Full-Back,26,24/25,leipzig,roma,8000000,5400000,0,0,16,1141,12.7,0.696969697,4.101665206,43.06748466,4.180543383,0.028627838,1047.186678,2.050832603,0,1,1,0,1
tom rothe,Full-Back,18,24/25,dortmund,union berlin,8000000,5000000,0,0,,1458,,0.774696781,117.7192996,688.4378123,57.19141808,0.044381728,13967.0164,40.38812155,1,1,5,4,0
arthur theate,Centre-Back,23,24/25,rennes jugend,frankfurt,20000000,13000000,0,0,28,2296,25.5,0.786885246,7.212543554,56.60278746,0.783972125,0.01216705,1537.055749,2.273519164,0,2,3,1,1
anthony rouault,Centre-Back,22,24/25,toulouse,stuttgart,7000000,3000000,0.271468421,0.2045,22,1010,11.2,0.689655172,6.772277228,73.42574257,1.247524752,0.012345679,1717.39604,2.762376238,0,4,3,-1,0
anthony rouault,Centre-Back,22,24/25,stuttgart,rennes jugend,10000000,13000000,0,0,22,1010,11.2,0.689655172,6.772277228,73.42574257,1.247524752,0.012345679,1717.39604,2.762376238,0,3,2,-1,1
fin stevens,Full-Back,21,24/25,brentford,st. pauli,450000,600000,0,0,,1564,,0.596153846,86,582,42,0.073211314,11814,49,1,5,5,0,0
jake o'brien,Full-Back,22,24/25,lyon,everton,12000000,19500000,0,0,27,2369,26.3,0.823529412,3.153229211,48.24820599,0.303925707,0.011764706,1254.14943,2.279442803,0,1,3,2,0
pablo marí,Centre-Back,29,24/25,monza,fiorentina,3500000,1800000,0.222954472,0.1591,34,2615,29.1,0.794871795,2.202676864,54.41300191,0.275334608,0.017079122,1530.619503,2.271510516,0,5,3,-2,0
mikayil faye,Centre-Back,,24/25,barcelona,rennes jugend,10000000,10300000,0,0.735423333,,1941,,0.803811,89.24137931,1094.03978,7.327898541,0.020988887,27255.96389,68.68356562,1,1,2,1,1
thilo kehrer,Centre-Back,26,24/25,west ham,monaco,10000000,11000000,0.029168421,0.1875,19,1345,14.9,0.841269841,6.959107807,58.08178439,0.468401487,0.013559322,1561.918216,3.078066914,0,3,2,-1,1
aïssa mandi,Centre-Back,31,24/25,villarreal,lille,1800000,0,0,0,16,1113,12.4,0.761904762,4.932614555,54.25876011,0.485175202,0.009306261,1518.032345,1.617250674,0,2,2,0,0
eric dier,Centre-Back,29,24/25,tottenham,bayern munich,12000000,0,0.239299574,0.1591,19,1367,15.2,0.84,4.213606437,76.83247988,0.263350402,0.007529412,2101.733723,3.028529627,0,2,1,-1,1
taylor harwood-bellis,Centre-Back,21,24/25,man city,southampton,22000000,23000000,0,0,40,3499,38.9,0.769230769,5.452986568,88.45670191,0.694484138,0.006764197,2201.334667,2.340668763,0,1,4,3,1
sinaly diomandé,Centre-Back,,24/25,lyon,aj auxerre,4000000,0,0,0.735423333,,1941,,0.803811,89.24137931,1094.03978,7.327898541,0.020988887,27255.96389,68.68356562,1,1,5,4,0
keven schlotterbeck,Centre-Back,26,24/25,freiburg,augsburg,6000000,2500000,0.094959649,0.5893,27,2185,24.3,0.733333333,4.201372998,33.03432494,0.741418764,0.033692722,888.9610984,5.519450801,0,3,3,0,0
javi lópez,Full-Back,21,24/25,alavés,real sociedad,7500000,6500000,0,0,32,2386,26.5,0.666666667,5.469404862,29.23302598,2.338642079,0.055448098,721.2824811,1.508801341,0,4,3,-1,1
emerson royal,Full-Back,,24/25,tottenham,ac milan,18000000,15000000,0,0,,1843,,0.779207072,99.73156682,912.5084972,20.26275959,0.023919562,21883.91257,54.21455925,1,2,1,-1,0
bastien meupiyou,Centre-Back,,24/25,nantes,wolves,800000,5000000,0,0,,1293,,0.827020202,65.94861793,650.5480663,5.589666131,0.02222724,17722.52489,46.96057539,1,3,4,1,0
patrick dorgu,Full-Back,18,24/25,lecce,man utd,20000000,30000000,0,0,32,1564,17.4,0.596153846,4.948849105,33.49104859,2.416879795,0.073211314,679.8337596,2.819693095,0,5,1,-4,1
eric da silva moreira,Full-Back,,24/25,st. pauli,nott'm forest,1000000,1500000,0,0,,1564,,0.596153846,86,582,42,0.073211314,11814,49,1,5,5,0,0
marius wolf,Full-Back,28,24/25,dortmund,augsburg,3000000,0,0.255180702,0.3612,22,1166,13,0.714285714,7.332761578,53.02744425,2.855917667,0.027334852,1221.638079,1.389365352,0,1,3,2,1
marin pongracic,Centre-Back,25,24/25,lecce,fiorentina,7000000,15000000,0,0,,2034,,0.769925957,74.01983689,877.0279115,7.54485791,0.020929672,23325.41867,63,1,5,3,-2,1
marcos alonso,Centre-Back,32,24/25,barcelona,celta vigo,2000000,0,0,0,5,252,2.8,0.777777778,8.928571429,64.28571429,3.928571429,0.034682081,1247.5,1.785714286,0,1,3,2,1
ben johnson,Full-Back,23,24/25,west ham,ipswich town,8000000,0,0,0,14,544,6,0.75,6.452205882,40.69852941,0.330882353,0.036750484,873.6948529,2.316176471,0,3,5,2,1
ben godfrey,Centre-Back,25,24/25,everton,atalanta,10000000,12500000,0,0,15,1120,12.4,0.782608696,4.339285714,27,0.883928571,0.038523274,650.7321429,3.616071429,0,3,2,-1,1
rafa marín,Centre-Back,21,24/25,real madrid,napoli,7500000,12000000,0.109942105,0.3584,33,2443,27.1,0.815384615,3.315595579,31.16659844,0.257879656,0.028772379,919.7093737,2.799836267,0,1,1,0,0
caleb okoli,Centre-Back,22,24/25,atalanta,leicester,8000000,14000000,0,0,34,2914,32.4,0.741176471,4.323953329,43.45573095,0.308853809,0.020864947,1119.780371,3.335621139,0,2,3,1,1
juma bah,Centre-Back,,24/25,real valladolid,man city,1000000,6000000,0,0,,1671,,0.684674984,70.29432456,737.8382747,8.248723988,0.024901581,18306.03459,60.12760293,1,5,1,-4,0
julián araujo,Full-Back,21,24/25,barcelona,bournemouth,8000000,10000000,0,0,,1458,,0.774696781,117.7192996,688.4378123,57.19141808,0.044381728,13967.0164,40.38812155,1,1,4,3,1
julien le cardinal,Centre-Back,25,24/25,lens,brest,1500000,1700000,0,0,14,531,5.9,0.684210526,5.423728814,39.83050847,0.338983051,0.030549898,1161.864407,4.237288136,0,5,4,-1,0
carlos augusto,Full-Back,24,24/25,monza,inter,22000000,13250000,0.204246617,0.1023,37,1725,19.2,0.822222222,5.008695652,48.05217391,2.869565217,0.029714286,1022.191304,4.173913043,0,5,1,-4,1
johan mojica,Full-Back,30,24/25,villarreal,rcd mallorca,2200000,1500000,0,0,30,2041,22.7,0.843137255,6.129348359,38.14306712,4.365507104,0.047647409,884.478197,1.63155316,0,2,4,2,0
maximilian kilman,Centre-Back,,24/25,wolves,west ham,32000000,47500000,0,0,,1746,,0.790468217,67.77066667,859.808,8.535207184,0.027363041,20615.95598,50.72989304,1,4,3,-1,1
maxence lacroix,Centre-Back,23,24/25,wolfsburg,crystal palace,20000000,18000000,0,0,28,2362,26.2,0.736111111,3.200677392,46.79085521,0.609652837,0.021457309,1307.362405,3.543607113,0,3,3,0,1
joachim andersen,Centre-Back,27,24/25,crystal palace,fulham,35000000,29500000,0,0,38,3415,37.9,0.783505155,4.427525622,45.6193265,1.185944363,0.018677281,1385.551977,3.267935578,0,3,4,1,1
duje caleta-car,Centre-Back,26,24/25,southampton,lyon,7000000,3590000,0,0,,1986.5,,0.807956513,87.24413317,1201.009871,11.37515315,0.01141459,32823.23893,79.68738359,1,4,1,-3,1
raphaël varane,Centre-Back,30,24/25,man utd,como,20000000,0,0,0,22,1375,15.3,0.787878788,4.909090909,45.42545455,0.327272727,0.012139605,1030.450909,2.094545455,0,1,5,4,0
riccardo calafiori,Full-Back,21,24/25,bologna,arsenal,45000000,45000000,0,0,30,2349,26.1,0.845360825,4.750957854,62.14559387,1.187739464,0.026671057,1426.245211,3.524904215,0,3,1,-2,1
ricardo rodríguez,Full-Back,30,24/25,torino,real betis,3500000,0,0,0,35,2772,30.8,0.724637681,6.103896104,45.48701299,1.980519481,0.015056923,1032.922078,2.175324675,0,3,3,0,0
sergio gómez,Full-Back,,24/25,man city,real sociedad,10000000,8700000,0,0,,1458,,0.774696781,117.7192996,688.4378123,57.19141808,0.044381728,13967.0164,40.38812155,1,1,3,2,0
sergi cardona,Full-Back,24,24/25,ud las palmas,villarreal,6000000,0,0,0,35,2814,31.3,0.742647059,7.036247335,55.23454158,3.166311301,0.038461538,1118.411514,3.42217484,0,5,2,-3,0
sepp van den berg,Centre-Back,21,24/25,liverpool,brentford,12000000,23600000,0.246316464,0.4343,33,2839,31.5,0.814814815,3.233532934,37.7245509,0.348714336,0.023856859,929.7992251,6.150052836,0,1,5,4,1
chadi riad,Centre-Back,20,24/25,barcelona,real betis,15000000,9000000,0,0,26,2164,24,0.810344828,1.580406654,44.66728281,0.083179298,0.013381369,1024.269871,2.828096118,0,1,3,2,1
scott mckenna,Centre-Back,26,24/25,nott'm forest,ud las palmas,9000000,0,0,0,5,416,4.6,0.555555556,2.379807692,29.63942308,1.298076923,0.024,875.9855769,4.326923077,0,5,5,0,1
saúl coco,Centre-Back,24,24/25,ud las palmas,torino,8000000,8230000,0,0,30,2295,25.5,0.75,3.058823529,49.29411765,0.039215686,0.017521368,1143.372549,3.019607843,0,5,3,-2,1
jonathan clauss,Full-Back,30,24/25,marseille,nice,12000000,5000000,0,0,27,2068,23,0.674698795,8.529980658,50.17891683,5.265957447,0.022008804,1167.693424,1.392649903,0,1,3,2,0
matthijs de ligt,Centre-Back,23,24/25,bayern munich,man utd,65000000,45000000,0,0,22,1390,15.4,0.911764706,7.381294964,72.51798561,0.45323741,0.011031175,1872.064748,3.431654676,0,1,1,0,1
josé luis palomino,Centre-Back,33,24/25,atalanta,cagliari,700000,0,0,0,4,27,0.3,0.666666667,6.666666667,83.33333333,0,0,2356.666667,13.33333333,0,2,4,2,0
juan miranda,Full-Back,23,24/25,real betis,bologna,9000000,0,0,0,25,1858,20.6,0.754385965,6.684607104,44.22497309,3.245425188,0.028152493,1122.093649,2.421959096,0,3,3,0,0
massadio haïdara,Full-Back,30,24/25,lens,brest,2000000,0,0,0,18,741,8.2,0.95,5.829959514,43.48178138,1.821862348,0.03342246,953.562753,2.672064777,0,5,4,-1,0
diego rico,Full-Back,30,24/25,real sociedad,getafe,1500000,1500000,0.165861322,0.2955,32,2535,28.2,0.847619048,5.218934911,35.25443787,3.976331361,0.044783983,926.4852071,2.733727811,0,3,3,0,0
romain perraud,Full-Back,25,24/25,southampton,real betis,5000000,3500000,0,0,19,370,4.1,0.923076923,4.135135135,42.81081081,0.972972973,0.048780488,754.5405405,2.918918919,0,4,3,-1,1
ridle baku,Full-Back,25,24/25,wolfsburg,leipzig,7000000,4500000,0,0,33,2013,22.4,0.706896552,5.454545455,35.2757079,3.308494784,0.056603774,736.0506706,1.833084948,0,3,1,-2,1
dean huijsen,Centre-Back,18,24/25,juventus,bournemouth,10000000,19630000,0.153668421,0.0341,14,522,5.8,0.642857143,4.137931034,72.06896552,0.344827586,0.022164276,1734.310345,2.413793103,0,1,4,3,1
samuel iling-junior,Full-Back,19,24/25,juventus,aston villa,13000000,14000000,0,0,24,810,9,0.655172414,6,36.66666667,5.444444444,0.063675832,775.2222222,2.444444444,0,1,3,2,1
chadi riad,Centre-Back,20,24/25,real betis,crystal palace,15000000,15000000,0,0,26,2164,24,0.810344828,1.580406654,44.66728281,0.083179298,0.013381369,1024.269871,2.828096118,0,3,3,0,1
christian mawissa,Centre-Back,18,24/25,toulouse,monaco,9000000,16000000,0,0,17,1118,12.4,0.840909091,5.23255814,41.13595707,0.966010733,0.029891304,908.9355993,2.737030411,0,4,2,-2,1
robin le normand,Centre-Back,26,24/25,real sociedad,atlético,40000000,34500000,0,0,29,2469,27.4,0.847457627,4.629404617,56.93803159,0.109356015,0.019106107,1448.821385,4.811664642,0,3,1,-2,1
ryan sessegnon,Full-Back,,24/25,tottenham,fulham,10000000,0,0,0,,1843,,0.779207072,99.73156682,912.5084972,20.26275959,0.023919562,21883.91257,54.21455925,1,2,4,2,0
jorge cuenca,Centre-Back,23,24/25,villarreal,fulham,6000000,6700000,0,0.3157,29,1963,21.8,0.793650794,4.080489047,43.87671931,1.100356597,0.022753792,1084.080489,4.080489047,0,2,4,2,0
mateu morey,Full-Back,23,24/25,dortmund,rcd mallorca,800000,0,0,0,3,110,1.2,1,7.363636364,60.54545455,0.818181818,0.04,1148.727273,3.272727273,0,1,4,3,0
juan cabal,Full-Back,,24/25,hellas verona,juventus,3500000,12800000,0,0,,1591,,0.716268072,97.31550381,455.4019488,44.93835827,0.070296014,11726.62094,36.67057837,1,4,1,-3,0
woyo coulibaly,Full-Back,24,24/25,parma,leicester,2000000,3000000,0,0,26,1882,20.9,0.815384615,6.360255048,45.81296493,1.673751328,0.033076075,942.4654623,2.486716259,0,4,3,-1,0
koni de winter,Centre-Back,21,24/25,juventus,genoa,12000000,11000000,0.373206894,0.2557,29,2380,26.4,0.707692308,3.668067227,42.42857143,0.415966387,0.034749035,971.697479,3.138655462,0,1,4,3,0
lewis hall,Full-Back,18,24/25,chelsea,newcastle,18000000,33000000,0,0,18,781,8.7,0.75,7.490396927,52.08706786,1.38284251,0.03255814,1227.618438,3.226632522,0,1,3,2,1
leonardo spinazzola,Full-Back,30,24/25,roma,napoli,4000000,0,0,0,24,1312,14.6,0.555555556,10.97560976,45.48018293,8.094512195,0.019621584,1017.987805,0.891768293,0,1,1,0,1
leo østigård,Centre-Back,24,24/25,napoli,rennes jugend,8000000,7000000,0,1.830573333,,2148,,0.790452642,89.17957279,1188.424447,10.62739567,0.020397965,31263.25355,87.27213388,1,1,2,1,1
ian maatsen,Full-Back,21,24/25,chelsea,aston villa,40000000,44500000,0.073752632,0.0682,16,1264,14,0.813953488,8.615506329,66.07594937,2.776898734,0.028539452,1349.643987,1.708860759,0,1,3,2,1
hugo novoa,Full-Back,21,24/25,leipzig,alavés,2500000,1500000,0,0,,1458,,0.774696781,117.7192996,688.4378123,57.19141808,0.044381728,13967.0164,40.38812155,1,1,4,3,0
abner,Full-Back,23,24/25,real betis,lyon,7000000,8000000,0,0,23,1400,15.6,0.85,3.021428571,39.53571429,1.414285714,0.040577096,884.7642857,2.121428571,0,3,1,-2,1
