PlayerName,Position,Age,Season,LeftClub,JoinedClub,MarketValue,Fee,Injury_Index,Loan_Index,Matches_Played,Mins_played,90s_Played,Role_In_Prev_Club_Index,Starts,Goals_Against,Shots_on_Target_Against,Saves,Saves_Pct,Clean_Sheets,Clean_Sheets_Pct,Performance_Index,Missing_Stats?,club_left_rank,club_joined_rank,Delta_Club_Rank,Transfer_Success
jasper cillessen,Goalkeeper,30.0,19/20,barcelona,valencia,18000000.0,35000000.0,0.0,0.0,3,270.0,3,7.894736842105263,3,4,14,10,78.6,1,33.3,50.768097003553706,0,1,3,3,0
emil audero,Goalkeeper,22.0,19/20,juventus,sampdoria,15000000.0,20000000.0,0.0,0.2664,36,3240.0,36,94.73684210526316,36,51,147,96,70.1,11,30.6,86.18609725816108,0,1,3,4,0
alex remiro,Goalkeeper,24.0,19/20,bilbao athletic,real sociedad,1500000.0,0.0,0.0,0.0,18,1617.6363636363635,18,47.368421052631575,18,20,66,46,73.5,6,29.8,61.59753449252104,1,3,3,0,1
Pau López,Goalkeeper,24.0,19/20,real betis,roma,20000000.0,23500000.0,0.0,0.0,33,2970.0,33,86.84210526315789,33,47,134,86,67.2,10,30.3,80.4548941006789,0,3,1,0,0
alfred gomis,Goalkeeper,25.0,19/20,spal,dijon,2000000.0,1000000.0,0.0,0.0,20,1724.0,19,50.0,19,27,76,49,65.8,6,31.6,62.69971382064644,0,5,5,0,1
kevin trapp,Goalkeeper,29.0,19/20,paris sg,frankfurt,10000000.0,7000000.0,0.0,0.0,33,2937.0,33,86.84210526315789,33,48,158,111,70.3,8,24.2,84.04290443893721,0,1,3,2,1
keylor navas,Goalkeeper,32.0,19/20,real madrid,paris sg,10000000.0,15000000.0,0.0,0.0,10,900.0,10,26.31578947368421,10,8,31,23,74.2,4,40.0,59.99925279657554,0,1,1,0,1
gabriel brazao,Goalkeeper,19.0,19/20,parma,inter,2000000.0,6300000.0,0.0,0.0,17,1562.4444444444443,17,44.73684210526315,17,28,80,52,68.1,4,12.2,47.77242103823617,1,4,1,-4,0
tom heaton,Goalkeeper,33.0,19/20,burnley,aston villa,3000000.0,8800000.0,0.0,0.0,19,1710.0,19,50.0,19,27,83,59,68.7,4,21.1,56.92583662047905,0,4,3,-2,0
oier olazabal,Goalkeeper,29.0,19/20,levante,espanyol,2000000.0,1500000.0,0.0,0.0,21,1890.0,21,55.26315789473684,21,40,135,95,73.3,5,23.8,77.87074993434919,0,4,3,-1,1
tomas koubek,Goalkeeper,26.0,19/20,rennes jugend,augsburg,6000000.0,7500000.0,0.0,0.0,33,2925.0,32,84.21052631578947,32,48,138,90,67.4,9,28.1,79.84916904015896,0,2,3,1,1
david ospina,Goalkeeper,30.0,19/20,arsenal,napoli,4000000.0,3500000.0,0.3079751813551473,0.1989,17,1457.0,16,42.10526315789473,16,20,62,42,69.4,5,31.3,59.73265016177325,0,1,1,0,1
orestis karnezis,Goalkeeper,34.0,19/20,udinese,napoli,1500000.0,1500000.0,0.0,0.4994,9,810.0,9,23.684210526315788,9,7,27,20,77.8,4,44.4,64.36394103892636,0,3,1,-1,1
gianluigi buffon,Goalkeeper,41.0,19/20,paris sg,juventus,1000000.0,0.0,0.0,0.0,17,1530.0,17,44.73684210526315,17,18,65,49,73.8,6,35.3,66.32262197846633,0,1,1,0,1
neto,Goalkeeper,30.0,19/20,valencia,barcelona,18000000.0,26000000.0,0.0,0.0,34,3060.0,34,89.4736842105263,34,34,139,106,80.6,10,29.4,87.57375279815732,0,3,1,-3,1
benjamin lecomte,Goalkeeper,28.0,19/20,montpellier,monaco,17000000.0,13500000.0,0.0,0.0,37,3330.0,37,97.36842105263158,37,42,143,102,72.7,11,29.7,85.3575824157451,0,3,2,-3,1
ciprian tatarusanu,Goalkeeper,33.0,19/20,nantes,lyon,2500000.0,0.0,0.0,0.0,27,2390.0,27,71.05263157894737,27,30,95,62,69.5,7,25.9,65.35486372290303,0,3,1,-2,1
ionut radu,Goalkeeper,22.0,19/20,genoa,inter,15000000.0,11500000.0,0.0,0.0,33,2970.0,33,86.84210526315789,33,46,149,102,72.5,6,18.2,76.91023010540393,0,4,1,-4,1
ionut radu,Goalkeeper,22.0,19/20,genoa,inter,15000000.0,11500000.0,0.0632210526315789,0.3334,33,2970.0,33,86.84210526315789,33,46,149,102,72.5,6,18.2,76.91023010540393,0,4,1,-4,1
alex meret,Goalkeeper,22.0,19/20,udinese,napoli,25000000.0,26000000.0,0.6352929824561404,0.2039,14,1151.0,13,34.210526315789465,13,9,48,39,85.4,5,38.5,69.31756778548697,0,3,1,-1,1
adrian,Goalkeeper,32.0,19/20,west ham,liverpool,3500000.0,0.0,0.0,0.0,21,1882.636363636364,21,55.26315789473684,21,28,90,63,69.7,5,22.9,61.20490784276256,1,3,1,-3,1
sergio rico,Goalkeeper,26.0,20/21,sevilla fc,paris sg,8000000.0,6000000.0,0.0,0.0,2,180.0,2,5.263157894736842,2,4,10,6,60.0,0,0.0,11.046445709512165,0,2,1,-1,0
claudio bravo,Goalkeeper,37.0,20/21,man city,real betis,1200000.0,0.0,0.0,0.0,4,347.0,4,9.210526315789473,3,7,15,8,53.3,1,33.3,39.099151939076606,0,1,3,2,1
runar alex runarsson,Goalkeeper,25.0,20/21,dijon,arsenal,1200000.0,2000000.0,0.0,0.0,11,901.0,10,25.0,9,17,47,31,63.8,0,0.0,24.488390630211697,0,5,1,-3,0
joe hart,Goalkeeper,33.0,20/21,burnley,tottenham,2400000.0,0.0,0.0,0.0,15,1372.5,15,39.47368421052632,15,22,63,42,68.2,4,21.4,50.663157444683016,1,4,2,-3,0
ciprian tatarusanu,Goalkeeper,34.0,20/21,lyon,ac milan,1200000.0,1000000.0,0.0,0.0,2,180.0,2,5.263157894736842,2,2,11,9,81.8,1,50.0,66.21087313394561,0,1,1,1,1
gregor kobel,Goalkeeper,22.0,20/21,hoffenheim,stuttgart,4000000.0,7200000.0,0.1476701754385964,0.2039,12,1095.0,12,31.57894736842105,12,20,61,41,66.0,2,9.9,38.75128811486937,1,3,3,0,1
orestis karnezis,Goalkeeper,35.0,20/21,napoli,lille,500000.0,5130000.0,0.0,0.0,15,1348.2222222222222,15,39.47368421052632,15,24,63,40,70.5,4,35.2,64.04119710095412,1,1,2,1,1
antonio rosati,Goalkeeper,37.0,20/21,torino,fiorentina,100000.0,0.0,0.0,0.0,1,90.0,1,2.631578947368421,1,1,5,4,80.0,0,0.0,18.946394820995955,0,3,3,0,0
geronimo rulli,Goalkeeper,28.0,20/21,real sociedad,villarreal,8000000.0,5000000.0,0.0,0.2614,25,2250.0,25,65.78947368421052,25,27,119,91,79.8,8,32.0,83.21707932021445,0,3,2,0,1
david button,Goalkeeper,31.0,20/21,brighton,west brom,1200000.0,1100000.0,0.0,0.0,15,1372.5,15,39.47368421052632,15,22,63,42,68.2,4,21.4,50.663157444683016,1,3,4,2,1
anthony racioppi,Goalkeeper,21.0,20/21,lyon,dijon,450000.0,0.0,0.0,0.0,9,829.6666666666666,9,23.684210526315788,9,13,40,27,72.9,2,15.7,40.57668150574541,1,1,5,4,0
andreas luthe,Goalkeeper,33.0,20/21,augsburg,union berlin,400000.0,0.0,0.0,0.0,10,900.0,10,26.31578947368421,10,12,33,22,63.6,3,30.0,46.70295897117972,0,3,5,-1,0
alfred gomis,Goalkeeper,26.0,20/21,dijon,rennes jugend,2400000.0,10000000.0,0.0,0.0,19,1619.0,18,48.68421052631579,19,20,81,62,76.5,6,31.6,69.34112273427704,0,5,2,-2,1
edouard mendy,Goalkeeper,28.0,20/21,rennes jugend,chelsea,7000000.0,24000000.0,0.0,0.0,24,2160.0,24,63.1578947368421,24,19,79,60,79.7,9,37.5,75.4813661256392,0,2,1,-2,1
pepe reina,Goalkeeper,37.0,20/21,ac milan,lazio,800000.0,0.0,0.0,0.0,13,1170.0,13,34.210526315789465,13,21,59,36,67.8,2,14.3,42.89268790988104,0,1,2,1,1
will norris,Goalkeeper,26.0,20/21,wolves,burnley,250000.0,266666.0,0.0,0.3636,12,1062.75,12,31.57894736842105,12,14,42,28,59.4,4,19.0,37.75015608401934,1,4,4,1,0
alexander nubel,Goalkeeper,23.0,20/21,fc schalke 04,bayern munich,9500000.0,0.0,0.0,0.0,26,2315.0,26,68.42105263157893,26,40,118,80,69.5,5,19.2,66.62559089168508,0,3,1,-4,0
luigi sepe,Goalkeeper,29.0,20/21,napoli,parma,6000000.0,4580000.0,0.2855368421052632,0.4038,34,3060.0,34,89.4736842105263,34,53,193,137,75.6,5,14.7,89.10648125425273,0,1,4,3,1
alexander schwolow,Goalkeeper,28.0,20/21,freiburg,hertha bsc,7000000.0,7000000.0,0.0,0.0,24,2091.0,23,61.8421052631579,24,32,118,86,75.4,4,16.7,67.1939844984226,0,3,3,2,1
paul bernardoni,Goalkeeper,23.0,20/21,g. bordeaux,angers,5500000.0,7500000.0,0.0,0.0,25,2203.0,24,64.4736842105263,25,38,108,71,68.5,6,24.0,67.27973771150187,0,3,4,0,1
rafael,Goalkeeper,38.0,20/21,cagliari,spezia,200000.0,0.0,0.0,0.0,6,454.0,5,13.157894736842104,5,11,17,6,47.1,0,0.0,7.138780998360815,0,4,5,0,0
rafal gikiewicz,Goalkeeper,33.0,20/21,union berlin,augsburg,1200000.0,0.0,0.0,0.0,19,1706.2222222222222,19,50.0,19,29,88,58,72.5,4,21.8,60.92232832370848,1,5,3,1,0
emiliano martinez,Goalkeeper,27.0,20/21,arsenal,aston villa,8000000.0,17400000.0,0.0,0.3112,9,771.0,9,22.36842105263157,8,9,42,33,81.0,3,37.5,64.45508654461665,0,1,3,1,1
wayne hennessey,Goalkeeper,34.0,21/22,crystal palace,burnley,1000000.0,0.0,0.0,0.0,17,1537.5,17,44.73684210526315,17,26,78,52,60.3,5,18.7,49.23669376487071,1,3,4,2,0
angus gunn,Goalkeeper,25.0,21/22,southampton,norwich,3000000.0,5850000.0,0.0,0.0,15,1406.125,16,42.10526315789473,16,21,67,46,74.3,4,33.5,65.5858875001957,1,4,5,0,1
tom heaton,Goalkeeper,35.0,21/22,aston villa,man utd,1000000.0,0.0,0.0,0.0,21,1950.0,22,57.89473684210527,22,35,96,61,61.7,4,12.3,49.86444040889657,1,3,1,-1,0
marco silvestri,Goalkeeper,30.0,21/22,hellas verona,udinese,9000000.0,2200000.0,0.0,0.0,34,3060.0,34,89.4736842105263,34,42,131,91,72.5,7,20.6,73.3836878731379,0,4,3,-1,0
florian muller,Goalkeeper,23.0,21/22,mainz,stuttgart,8000000.0,5000000.0,0.0,0.0,31,2790.0,31,81.57894736842105,31,46,157,112,72.0,6,19.4,80.25917327065667,0,3,3,-1,0
frederik ronnow,Goalkeeper,29.0,21/22,frankfurt,union berlin,2500000.0,1000000.0,0.0,0.0,14,1261.3636363636365,14,36.84210526315789,14,22,65,43,69.8,3,23.9,54.27651218648791,1,3,5,0,1
juan musso,Goalkeeper,27.0,21/22,udinese,atalanta,20000000.0,20500000.0,0.0,0.0,35,3147.0,35,92.10526315789474,35,51,149,98,74.5,8,22.9,82.04280514964938,0,3,2,0,1
mathew ryan,Goalkeeper,29.0,21/22,brighton,real sociedad,6000000.0,0.0,0.1693421052631578,0.1847,14,1260.0,14,36.84210526315789,14,21,44,24,63.6,3,21.4,42.5059785040146,0,3,3,0,1
gianluigi donnarumma,Goalkeeper,22.0,21/22,ac milan,paris sg,60000000.0,0.0,0.0,0.0,37,3330.0,37,97.36842105263158,37,38,126,88,71.4,14,37.8,86.60566716653895,0,1,1,-1,1
daniele padelli,Goalkeeper,35.0,21/22,inter,udinese,400000.0,0.0,0.0,0.0,1,45.0,0,0.0,0,1,2,1,100.0,0,24.0,48.84715969393558,0,1,3,2,0
boris radunovic,Goalkeeper,25.0,21/22,atalanta,cagliari,300000.0,625000.0,0.0991368421052631,0.4131,16,1491.923076923077,17,44.73684210526315,17,23,71,49,69.6,4,19.9,52.50775876422492,1,2,4,2,0
rui silva,Goalkeeper,27.0,21/22,granada,real betis,12000000.0,0.0,0.0,0.0,32,2880.0,32,84.21052631578947,32,55,137,79,63.5,8,25.0,74.92675834490336,0,4,3,-2,1
rui patricio,Goalkeeper,33.0,21/22,wolves,roma,10000000.0,11800000.0,0.0,0.0,37,3329.0,37,97.36842105263158,37,51,148,99,70.3,10,27.0,83.38975142579137,0,4,1,-1,1
jens grahl,Goalkeeper,32.0,21/22,stuttgart,frankfurt,200000.0,250000.0,0.0,0.0,19,1742.8,19,50.0,19,30,91,61,66.4,4,15.6,53.45597701210381,1,3,3,0,0
gregor kobel,Goalkeeper,23.0,21/22,stuttgart,dortmund,13000000.0,15000000.0,0.0,0.0,33,2970.0,33,86.84210526315789,33,54,157,102,68.8,5,15.2,75.00344630765322,0,3,1,-1,1
mike maignan,Goalkeeper,26.0,21/22,lille,ac milan,25000000.0,16399999.0,0.0,0.0,38,3420.0,38,100.0,38,23,107,85,79.4,21,55.3,100.0,0,2,1,-1,1
salvatore sirigu,Goalkeeper,34.0,21/22,torino,genoa,2500000.0,0.0,0.0,0.0,32,2880.0,32,84.21052631578947,32,62,134,72,59.7,7,21.9,69.42241431709459,0,3,4,2,1
alban lafont,Goalkeeper,22.0,21/22,fiorentina,nantes,10000000.0,7500000.0,0.0,0.1477,38,3420.0,38,100.0,38,55,168,113,73.2,5,13.2,78.76773629230645,0,3,3,0,1
yann sommer,Goalkeeper,33.0,22/23,mönchengladbach,bayern munich,5000000.0,9000000.0,0.0,0.0,33,2970.0,33,86.84210526315789,33,60,182,120,68.7,5,15.2,82.82232181567161,0,3,1,-2,1
ivan provedel,Goalkeeper,28.0,22/23,spezia,lazio,3500000.0,2550000.0,0.0,0.0,31,2761.0,31,81.57894736842105,31,52,165,116,73.9,7,22.6,86.52585982865669,0,5,2,-2,1
michele di gregorio,Goalkeeper,25.0,22/23,inter,monza,3800000.0,6000000.0,0.0,0.4644,24,2230.818181818182,25,65.78947368421052,25,31,102,71,71.3,7,29.5,71.61572657474522,1,1,5,4,1
salvatore sirigu,Goalkeeper,35.0,22/23,napoli,fiorentina,800000.0,0.0,0.0,0.0,37,3330.0,37,97.36842105263158,37,59,180,122,69.4,10,27.0,93.0322466560097,0,1,3,1,1
sergio asenjo,Goalkeeper,33.0,22/23,villarreal,real valladolid,4000000.0,0.0,0.0,0.0,6,540.0,6,15.789473684210526,6,9,28,19,71.4,0,0.0,22.109862109947045,0,2,5,2,1
brice samba,Goalkeeper,28.0,22/23,nott'm forest,lens,2500000.0,5000000.0,0.0,0.0,24,2144.214285714286,24,63.1578947368421,24,30,97,68,72.5,7,30.5,71.50134997210468,1,5,5,0,1
neto,Goalkeeper,33.0,22/23,barcelona,bournemouth,3000000.0,0.0,0.0,0.0,3,270.0,3,7.894736842105263,3,4,14,10,71.4,0,0.0,17.70476687270734,0,1,4,3,1
joel robles,Goalkeeper,32.0,22/23,real betis,leeds united,1500000.0,0.0,0.0,0.0,18,1673.5,19,50.0,19,29,86,57,66.2,4,19.3,55.08277219043655,1,3,5,1,1
benoit costil,Goalkeeper,35.0,22/23,aj auxerre,lille,1500000.0,0.0,0.0,0.0,25,2250.0,25,65.78947368421052,25,62,133,72,57.1,0,0.0,48.374740240738745,0,5,2,-2,1
bernd leno,Goalkeeper,30.0,22/23,arsenal,fulham,9000000.0,3600000.0,0.0,0.0,4,360.0,4,10.526315789473683,4,9,19,10,52.6,1,25.0,32.63520589944734,0,1,4,2,1
jonas omlin,Goalkeeper,28.0,22/23,montpellier,mönchengladbach,7000000.0,9000000.0,0.0,0.0,29,2587.0,29,76.3157894736842,29,41,158,117,75.9,8,27.6,89.72303120980543,0,3,3,-2,1
benjamin lecomte,Goalkeeper,31.0,22/23,monaco,montpellier,4000000.0,2000000.0,0.0,0.0,25,2230.6,25,65.78947368421052,25,37,110,73,73.1,5,20.4,66.88214496924454,1,2,3,3,1
robin olsen,Goalkeeper,32.0,22/23,roma,aston villa,2000000.0,3500000.0,0.0,0.5324,1,90.0,1,2.631578947368421,1,3,5,2,40.0,0,0.0,0.0,0,1,3,0,1
bartlomiej dragowski,Goalkeeper,25.0,22/23,fiorentina,spezia,6000000.0,2450000.0,0.4360449122807017,0.3283,24,2230.818181818182,25,65.78947368421052,25,31,102,71,71.3,7,29.5,71.61572657474522,1,3,5,2,0
darren randolph,Goalkeeper,35.0,22/23,west ham,bournemouth,500000.0,0.0,0.0,0.0,18,1621.4,18,47.368421052631575,18,25,81,56,74.9,5,41.1,77.04282553300288,1,3,4,0,0
thomas strakosha,Goalkeeper,27.0,22/23,lazio,brentford,7000000.0,0.0,0.0,0.0,23,2070.0,23,60.526315789473685,23,29,86,58,67.4,7,30.4,65.53549038942214,0,2,5,1,0
fraser forster,Goalkeeper,34.0,22/23,southampton,tottenham,2000000.0,0.0,0.1132421052631578,0.4988,19,1710.0,19,50.0,19,35,101,68,67.3,3,15.8,57.206863463953326,0,4,2,-3,0
diego lopez,Goalkeeper,40.0,22/23,espanyol,rayo vallecano,500000.0,0.0,0.0,0.0,36,3177.0,35,93.42105263157892,36,49,157,110,70.7,9,25.0,84.63010260873935,0,3,4,0,0
kasper schmeichel,Goalkeeper,35.0,22/23,leicester,nice,4000000.0,1000000.0,0.0,0.0,37,3330.0,37,97.36842105263158,37,58,187,128,72.7,7,18.9,89.5849850482373,0,3,3,-1,1
marcel lotka,Goalkeeper,21.0,22/23,hertha bsc,dortmund,1300000.0,0.0,0.0,0.0,10,885.0,10,25.0,9,20,49,29,65.3,2,22.2,45.59683246431611,0,3,1,-3,0
marcin bulka,Goalkeeper,23.0,22/23,paris sg,nice,2000000.0,2000000.0,0.0,0.0,17,1562.5555555555557,17,44.73684210526315,17,27,86,59,66.4,4,23.5,58.91751954186531,1,1,3,2,1
kiko casilla,Goalkeeper,35.0,22/23,leeds united,getafe,700000.0,0.0,0.0674035087719298,0.5556,14,1260.0,14,36.84210526315789,14,17,60,43,71.7,3,21.4,51.377018012111655,0,5,3,0,0
pau lopez,Goalkeeper,27.0,22/23,roma,marseille,12000000.0,12000000.0,0.1050719298245614,0.3135,29,2610.0,29,76.3157894736842,29,31,86,55,68.6,10,34.5,69.7548496262014,0,1,1,-1,0
federico brancolini,Goalkeeper,21.0,22/23,fiorentina,lecce,200000.0,0.0,0.0,0.0,7,644.8,7,18.421052631578945,7,13,41,28,60.9,1,12.0,31.91263726779756,1,3,5,2,0
alphonse areola,Goalkeeper,29.0,22/23,paris sg,west ham,8000000.0,9300000.0,0.0,0.0,1,90.0,1,2.631578947368421,1,1,3,2,66.7,0,0.0,12.017419223409128,0,1,3,3,1
pepe reina,Goalkeeper,39.0,22/23,lazio,villarreal,700000.0,0.0,0.0,0.0,15,1350.0,15,39.47368421052632,15,29,60,31,58.3,2,13.3,37.81708894795358,0,2,2,0,0
yann sommer,Goalkeeper,34.0,23/24,bayern munich,inter,5000000.0,6900000.0,0.0,0.0,29,2610.0,29,76.3157894736842,29,39,115,77,73.9,8,27.6,75.24577609723369,0,1,1,0,1
alex dominguez,Goalkeeper,25.0,23/24,ud las palmas,toulouse,300000.0,1100000.0,0.0,0.0,18,1674.1,19,50.0,19,24,74,51,73.0,6,38.7,71.80317251620072,1,5,4,0,0
andre onana,Goalkeeper,27.0,23/24,inter,man utd,35000000.0,50200000.0,0.0,0.0,24,2160.0,24,63.1578947368421,24,24,83,61,73.5,8,33.3,70.06325819027239,0,1,1,1,0
marco sportiello,Goalkeeper,31.0,23/24,atalanta,ac milan,1500000.0,0.0,0.0,0.0,15,1339.0,15,38.1578947368421,14,21,64,43,68.8,2,14.3,44.93959607942011,0,2,1,-1,1
mark flekken,Goalkeeper,30.0,23/24,freiburg,brentford,10000000.0,13000000.0,0.0,0.0,34,3060.0,34,89.4736842105263,34,44,150,106,74.0,13,38.2,95.74496660586924,0,3,5,1,1
matej kovar,Goalkeeper,23.0,23/24,man utd,leverkusen,1800000.0,5000000.0,0.0,0.0,14,1260.0,14,36.84210526315789,14,22,66,45,66.7,3,20.6,50.184232736909166,1,1,1,1,1
ruben blanco,Goalkeeper,28.0,23/24,celta vigo,marseille,4000000.0,1500000.0,0.0,0.3135,6,495.0,6,15.789473684210526,6,6,19,15,68.4,0,0.0,17.857035560146834,0,3,1,-2,0
dean henderson,Goalkeeper,26.0,23/24,man utd,crystal palace,18000000.0,17500000.0,0.0,0.0,18,1620.0,18,47.368421052631575,18,31,85,52,65.9,6,33.3,67.09274249388884,0,1,3,1,1
matt turner,Goalkeeper,29.0,23/24,arsenal,nott'm forest,8000000.0,8150000.0,0.0,0.0,23,2087.3529411764707,23,60.526315789473685,23,34,104,71,66.4,6,23.2,64.31406946279323,1,1,5,2,1
josep martinez,Goalkeeper,25.0,23/24,leipzig,genoa,3500000.0,3500000.0,0.0,0.0,23,2075.0,23,60.526315789473685,23,34,109,76,77.6,5,37.4,83.8371222064476,1,1,4,3,1
robert sanchez,Goalkeeper,25.0,23/24,brighton,chelsea,22000000.0,23000000.0,0.0,0.0,23,2070.0,23,60.526315789473685,23,30,74,46,66.2,6,26.1,57.36223926466007,0,3,1,-2,1
paulo gazzaniga,Goalkeeper,31.0,23/24,fulham,girona,3000000.0,0.0,0.0,0.5266,28,2520.0,28,73.68421052631578,28,37,125,87,73.6,4,14.3,66.40679270591261,0,4,5,0,0
james trafford,Goalkeeper,20.0,23/24,man city,burnley,15000000.0,17300000.0,0.0,0.0,24,2205.0,24,63.1578947368421,24,45,128,84,69.1,3,13.0,64.06164846069218,1,1,4,4,1
michele cerofolini,Goalkeeper,24.0,23/24,fiorentina,frosinone,500000.0,0.0,0.2605473684210527,0.5993,5,450.0,5,13.157894736842104,5,3,11,8,81.8,2,40.0,57.30607461650805,0,3,5,2,0
florian muller,Goalkeeper,24.0,23/24,stuttgart,freiburg,1500000.0,1500000.0,0.0,0.0,19,1710.0,19,50.0,19,34,87,53,62.1,1,5.3,40.98869845667471,0,3,3,0,0
finn dahmen,Goalkeeper,25.0,23/24,mainz,augsburg,2500000.0,0.0,0.0,0.0,8,720.0,8,21.052631578947366,8,16,44,26,65.9,0,0.0,24.539127378905484,0,3,3,0,0
ivo grbic,Goalkeeper,27.0,23/24,atlético,sheffield utd,3500000.0,2500000.0,0.0,0.0,12,922.0,10,26.31578947368421,10,12,48,36,81.3,2,20.0,50.90168505907539,0,1,5,4,1
vicente guaita,Goalkeeper,36.0,23/24,crystal palace,celta vigo,1000000.0,0.0,0.0,0.0,27,2430.0,27,71.05263157894737,27,34,116,84,72.4,6,22.2,70.0413447518329,0,3,3,1,0
alessio cragno,Goalkeeper,29.0,23/24,cagliari,monza,3000000.0,3600000.0,0.1006822966507176,0.4347,1,90.0,1,2.631578947368421,1,3,5,2,40.0,0,0.0,0.0,0,4,5,0,1
rjan nyland,Goalkeeper,32.0,23/24,leipzig,sevilla fc,600000.0,0.0,0.2744736842105263,0.0,2,180.0,2,5.263157894736842,2,2,5,4,60.0,1,50.0,53.997189997685815,0,1,2,0,0
adrian,Goalkeeper,37.0,24/25,liverpool,real betis,600000.0,0.0,0.0,0.0,8,717.5,8,21.052631578947366,8,12,42,29,74.7,2,19.9,45.79858396961967,1,1,3,2,0
aaron ramsdale,Goalkeeper,26.0,24/25,arsenal,southampton,25000000.0,21400000.0,0.0,0.0,6,540.0,6,15.789473684210526,6,5,14,9,64.3,2,33.3,43.99476085504766,0,1,4,3,0
odysseas vlachodimos,Goalkeeper,30.0,24/25,nott'm forest,newcastle,7000000.0,23600000.0,0.0,0.0,5,450.0,5,13.157894736842104,5,12,22,10,50.0,1,20.0,27.895239956772333,0,5,3,-1,1
anthony lopes,Goalkeeper,33.0,24/25,lyon,nantes,1500000.0,0.0,0.0,0.0,31,2790.0,31,81.57894736842105,31,49,155,106,71.0,9,29.0,87.70482065726617,0,1,3,2,1
giorgi mamardashvili,Goalkeeper,23.0,24/25,valencia,liverpool,45000000.0,30000000.0,0.0,0.0,37,3284.0,36,96.05263157894736,37,41,145,103,73.8,13,35.1,91.31649879234443,0,3,1,-3,1
ionut radu,Goalkeeper,27.0,24/25,inter,venezia,1500000.0,0.0,0.27472,0.5863,2,180.0,2,5.263157894736842,2,7,11,4,36.4,0,0.0,0.1827224249273769,0,1,5,4,0
stole dimitrievski,Goalkeeper,30.0,24/25,rayo vallecano,valencia,4000000.0,0.0,0.0,0.0,37,3330.0,37,97.36842105263158,37,47,150,104,69.3,13,35.1,90.7582776739966,0,4,3,0,1
filip jrgensen,Goalkeeper,22.0,24/25,villarreal,chelsea,20000000.0,24500000.0,0.0,0.0,36,3240.0,36,94.73684210526316,36,63,205,143,72.2,6,16.7,93.05279331558962,0,2,1,-2,1
pepe reina,Goalkeeper,41.0,24/25,villarreal,como,600000.0,0.0,0.0,0.0,2,180.0,2,5.263157894736842,2,2,9,7,77.8,0,0.0,19.16294174505252,0,2,5,1,0
brice samba,Goalkeeper,30.0,24/25,lens,rennes jugend,15000000.0,14000000.0,0.0,0.0,33,2970.0,33,86.84210526315789,33,35,136,101,78.7,14,42.4,97.30608813742036,0,5,2,-1,1
pierluigi gollini,Goalkeeper,29.0,24/25,atalanta,roma,2500000.0,800000.0,0.3473801889338731,0.3027,7,630.0,7,18.421052631578945,7,8,24,16,66.7,1,14.3,31.3589239592044,0,2,1,0,1
sam johnstone,Goalkeeper,31.0,24/25,crystal palace,wolves,10000000.0,11900000.0,0.0,0.0,20,1796.0,20,52.63157894736842,20,27,67,41,62.7,6,30.0,56.97475352100372,0,3,4,1,1
mathew ryan,Goalkeeper,32.0,24/25,roma,lens,2500000.0,800000.0,0.0,0.0,10,950.4545454545456,11,28.94736842105264,11,13,41,29,68.5,3,28.9,50.56156177825628,1,1,5,1,0
denis petric,Goalkeeper,36.0,24/25,nantes,lens,100000.0,0.0,0.0,0.0,18,1486.0,16,43.42105263157895,17,23,51,29,58.8,6,35.3,54.812628683353154,1,3,5,1,0
david raya,Goalkeeper,28.0,24/25,brentford,arsenal,35000000.0,31900000.0,0.0,0.1364,32,2880.0,32,84.21052631578947,32,24,69,45,68.1,16,50.0,77.97141317631898,0,5,1,-2,1
rui patricio,Goalkeeper,36.0,24/25,roma,atalanta,1000000.0,0.0,0.0,0.0,23,2070.0,23,60.526315789473685,23,27,74,49,66.2,6,26.1,57.36223926466007,0,1,2,0,0
josep martinez,Goalkeeper,26.0,24/25,genoa,inter,8000000.0,14000000.0,0.0,0.0,36,3239.0,36,94.73684210526316,36,43,130,87,69.2,8,22.2,72.93072840339292,0,4,1,-4,1
remy descamps,Goalkeeper,28.0,24/25,nantes,lyon,1500000.0,0.0,0.0,0.0,6,540.0,6,15.789473684210526,6,11,37,26,73.0,1,16.7,40.57057836513314,0,3,1,-2,1
